Customer_Index,Clusters,Recommended_Products,Similarity_Score
0,0,"Meat, Fruits, Fish",0.7500845751310157
1,3,"Wines, Meat, Gold",0.7917595134118418
2,0,"Meat, Wines, Sweets",0.6741112673856203
3,1,"Wines, Gold, Meat",0.7964989976532689
4,3,Gold,0.1339158155117756
5,2,"Meat, Gold, Fish",0.5649084496986094
6,2,"Wines, Gold, Meat",0.527671081189374
7,1,"Fish, Sweets",0.8134664841871059
8,1,"Wines, Gold, Fish",0.8475203026615769
9,3,"Wines, Meat, Fish",0.6127296794021169
10,1,"Wines, Meat, Sweets",0.6621357220433944
11,0,"Wines, Gold, Fruits",0.7608883810532567
12,3,"Fish, Fruits, Gold",0.674564551897441
13,1,"Wines, Gold, Meat",0.6986961444505911
14,0,"Meat, Fruits, Fish",0.724996029574534
15,3,"Wines, Gold, Meat",0.7973618831777045
16,1,Fruits,0.11620507136667861
17,2,"Fish, Sweets",0.7323052111484449
18,1,"Wines, Meat",0.6471403001871189
19,1,Fruits,0.3759091364828819
20,2,"Wines, Gold, Fish",0.11204829901674226
21,2,"Meat, Gold, Fish",0.4358296989903958
22,2,"Wines, Meat, Gold",0.3870704366141242
23,2,"Wines, Meat, Fruits",0.49367605661159497
24,1,"Wines, Gold, Fruits",0.5706565648144363
25,3,"Fish, Fruits, Meat",0.710278794062181
26,1,"Gold, Fruits",0.6464530005068798
27,0,"Fish, Gold",0.8200215250611829
28,1,"Wines, Meat, Gold",0.6442899454076966
29,1,No uplift product,0.21310636454169973
30,3,"Meat, Gold, Fruits",0.5490435421197757
31,2,"Wines, Meat, Gold",0.41107267837130734
32,0,"Wines, Gold, Fruits",0.6737512250285609
33,3,"Wines, Gold, Meat",0.7955244924236752
34,2,"Fish, Gold, Meat",0.6080699405711919
35,1,"Wines, Meat, Fruits",0.7337932297288354
36,1,"Meat, Gold, Fish",0.44141017970801016
37,0,"Meat, Wines, Fruits",0.5844454946611551
38,2,Wines,0.48283424004211123
39,1,"Wines, Gold, Fish",0.8442096281941053
40,3,"Wines, Meat, Gold",0.5688981962781194
41,1,"Wines, Meat, Fish",0.8166839901314029
42,0,"Wines, Meat, Sweets",0.6914146485149011
43,1,"Wines, Meat",0.5964490390963308
44,1,"Wines, Meat, Fish",0.7235738983559021
45,2,Gold,0.6695843374468813
46,2,"Wines, Gold, Meat",0.15428001764247434
47,0,"Fish, Gold, Fruits",0.765567262695947
48,1,"Wines, Gold, Meat",0.8021486060561076
49,0,"Wines, Sweets",0.8125203063135154
50,2,"Wines, Meat, Fish",0.48191446503715535
51,0,"Meat, Fruits",0.8472524596427378
52,0,"Wines, Gold, Fruits",0.8404358501175305
53,1,"Wines, Meat, Gold",0.7108780470980192
54,2,"Meat, Wines, Fish",0.399003132638353
55,0,"Sweets, Fruits, Fish",0.8101662638061079
56,2,"Meat, Wines, Gold",0.4078779176610238
57,2,"Meat, Fruits, Sweets",0.6904909901885226
58,2,"Meat, Gold, Fish",0.33953331579758156
59,0,"Wines, Meat, Gold",0.7096583199944612
60,1,"Wines, Meat, Fish",0.8232665201570027
61,3,"Wines, Meat, Gold",0.8288478042917917
62,0,"Meat, Fruits, Sweets",0.4572665142454304
63,2,"Wines, Fish, Meat",0.4547358614000497
64,2,Sweets,0.5345457132191458
65,0,"Wines, Gold, Fruits",0.7080453134294586
66,2,Wines,0.7620054372275151
67,2,"Meat, Gold, Fish",0.5021342002269199
68,1,"Wines, Meat, Gold",0.34988054993839596
69,1,"Wines, Meat, Gold",0.7952930318459711
70,0,"Gold, Sweets",0.7616696784017956
71,0,Gold,0.8956738112082389
72,1,"Wines, Meat, Fish",0.5828645328841895
73,2,"Meat, Fish, Sweets",0.13828672797890312
74,1,"Fish, Fruits, Sweets",0.6558499754142119
75,1,"Wines, Meat, Gold",0.795530553639643
76,1,"Wines, Meat, Sweets",0.7195291302547948
77,1,No uplift product,0.21310636454169973
78,0,"Wines, Fish, Fruits",0.703478661935679
79,3,"Wines, Meat, Gold",0.857093810362085
80,3,"Meat, Gold, Fish",0.8916184043781684
81,3,"Fish, Sweets",0.25864709490735416
82,0,"Wines, Fruits",0.8399222301189248
83,3,"Gold, Sweets, Fish",0.4667267929464486
84,1,"Wines, Meat, Gold",0.7974234112014402
85,1,"Gold, Meat, Fish",0.6970615452233235
86,1,"Wines, Meat, Gold",0.7767037326084439
87,2,"Meat, Fish, Sweets",0.5473645264260263
88,3,"Wines, Meat, Gold",0.7698928291528035
89,0,"Wines, Sweets, Fruits",0.6288614914202139
90,1,Gold,0.1455627191018672
91,1,"Meat, Gold, Fish",0.41413923679603915
92,1,"Meat, Gold, Fish",0.48373614144440974
93,2,Wines,0.5654587933154839
94,0,"Meat, Wines, Sweets",0.7401199719697056
95,0,"Wines, Fish, Sweets",0.7438892739056328
96,1,"Wines, Meat, Gold",0.7271048595431445
97,3,"Gold, Fish, Fruits",0.8506196284002305
98,2,"Wines, Gold",0.7054790861093793
99,1,"Fish, Fruits, Sweets",0.7289524678059128
100,0,"Meat, Wines, Fish",0.5714378312551696
101,2,"Wines, Fish, Sweets",0.5226817973466039
102,0,"Meat, Fish, Fruits",0.552997046812702
103,2,"Meat, Fish, Sweets",0.4317946366293486
104,0,"Meat, Wines, Fish",0.6149320672327832
105,2,"Wines, Meat, Fish",0.15533956975570912
106,3,"Wines, Meat, Fish",0.7889435562723242
107,0,"Wines, Gold",0.8714093267115537
108,2,"Wines, Meat",0.1940599805538693
109,3,"Wines, Fish, Meat",0.7834089597159691
110,1,"Wines, Meat, Gold",0.8171623358397072
111,2,"Wines, Meat, Gold",0.6593961338217038
112,1,"Fish, Gold, Fruits",0.7019646171817082
113,3,"Wines, Meat, Gold",0.668255555084769
114,1,"Wines, Gold, Meat",0.8149919369600389
115,0,"Meat, Fish, Fruits",0.7539312805857581
116,0,"Wines, Meat, Fish",0.4977420624214258
117,0,"Wines, Sweets",0.7864202463940101
118,3,"Wines, Meat, Gold",0.8846938989694555
119,2,"Meat, Gold, Wines",0.42053210310135036
120,2,"Wines, Meat, Gold",0.43898421141503086
121,2,"Meat, Fish, Gold",0.5155847117739017
122,0,"Wines, Meat, Fish",0.6139480189411339
123,3,"Fruits, Sweets, Fish",0.8278245297985275
124,0,"Gold, Fish, Fruits",0.7460457137902091
125,1,"Wines, Meat, Gold",0.7726917841471174
126,3,"Wines, Fish, Sweets",0.8609535134694078
127,3,"Wines, Meat, Fruits",0.7724869684597253
128,3,"Wines, Meat, Gold",0.8248311106282253
129,0,"Gold, Fish, Sweets",0.8035994052946094
130,2,"Fruits, Fish, Gold",0.3680340236985948
131,0,"Wines, Fish, Fruits",0.8274277096235084
132,2,"Meat, Gold, Fruits",0.6577269753679607
133,1,Wines,0.42507920813985417
134,2,"Meat, Gold, Fruits",0.533843398008518
135,1,"Wines, Meat, Fruits",0.7908231957454733
136,1,"Wines, Meat, Gold",0.8639819000126159
137,3,"Wines, Sweets, Fruits",0.6572177760147667
138,1,Gold,0.3795693358573585
139,3,Gold,0.5202754870985039
140,2,"Wines, Meat, Gold",0.37161818210569947
141,2,"Wines, Meat, Fish",0.3644182267782637
142,1,"Wines, Meat",0.6566429058919337
143,2,"Meat, Fish, Sweets",0.7277745149937231
144,0,"Meat, Fish, Sweets",0.6021005265493792
145,3,"Gold, Fish",0.27911909219378916
146,3,"Wines, Meat, Gold",0.7892458576267091
147,3,"Wines, Gold",0.3667132020463432
148,0,"Meat, Wines, Fruits",0.827696943879328
149,3,"Wines, Meat, Gold",0.7953031864863834
150,0,"Meat, Fish, Sweets",0.5759424718851199
151,1,"Gold, Fruits, Fish",0.7183903372352776
152,0,"Meat, Fish, Gold",0.6640487640071305
153,2,"Wines, Gold, Fish",0.25161165826370957
154,3,"Wines, Fruits, Sweets",0.8396655711956063
155,0,"Wines, Meat, Fruits",0.5438266512910075
156,1,"Gold, Sweets, Fish",0.26219290691620234
157,0,"Wines, Meat",0.755536325976761
158,3,"Wines, Meat",0.8536101597413941
159,3,"Wines, Meat, Gold",0.9079674633640625
160,1,"Wines, Meat, Fruits",0.8337319949723218
161,3,"Meat, Wines, Fish",0.6130872640905952
162,3,"Meat, Gold, Wines",0.8850295758573744
163,1,"Meat, Fish, Sweets",0.31213315113572454
164,2,Gold,0.6833540148616415
165,0,"Meat, Fish",0.7375826064798137
166,3,"Wines, Meat, Gold",0.8653930467520345
167,3,"Wines, Meat, Gold",0.7943687903199816
168,0,"Wines, Sweets, Fruits",0.6288614914202139
169,3,"Gold, Meat, Fish",0.5156021871233594
170,1,"Wines, Meat, Gold",0.7149977530112561
171,0,"Meat, Fish, Sweets",0.6428853036356205
172,1,"Meat, Fish, Sweets",0.8181780000551686
173,1,"Wines, Meat, Gold",0.5203050642623225
174,1,"Wines, Gold, Meat",0.8353686232487614
175,1,"Meat, Gold, Fish",0.5404770688278404
176,2,"Wines, Meat, Fruits",0.5644541554040322
177,0,"Gold, Fruits",0.8499351212294586
178,3,"Wines, Meat, Gold",0.8701132389418017
179,1,"Wines, Meat, Sweets",0.7245592024205018
180,0,"Wines, Fruits, Meat",0.7741065264828764
181,1,"Wines, Fish, Meat",0.7398101866888295
182,3,Gold,0.7410059343974976
183,3,"Wines, Meat, Gold",0.8548829415931001
184,0,"Meat, Gold, Fish",0.5353899014138681
185,0,"Wines, Fish, Fruits",0.7456278229321922
186,0,"Wines, Fish, Sweets",0.7094956685868646
187,3,"Fruits, Sweets",0.5913895250440745
188,2,"Meat, Wines, Fish",0.3481653611215899
189,0,"Wines, Sweets",0.8096645645812164
190,2,"Gold, Fish",0.6679947199988123
191,0,"Meat, Fruits, Fish",0.744235899182067
192,3,"Wines, Meat, Gold",0.8258434724012533
193,1,"Wines, Meat, Sweets",0.6558698524301538
194,1,"Wines, Meat, Gold",0.7992022301125656
195,3,Wines,0.6138431490628552
196,3,"Wines, Meat, Gold",0.5901023104394092
197,2,"Sweets, Fish",0.7929936923313191
198,3,"Wines, Gold, Sweets",0.4117434282956863
199,0,"Meat, Fish, Gold",0.7383382430107464
200,3,"Fish, Gold, Fruits",0.6308758761926792
201,2,"Meat, Wines, Fruits",0.4597194129777347
202,0,"Wines, Fruits, Gold",0.7235153266731043
203,3,No uplift product,0.18083540882741522
204,3,"Wines, Meat, Gold",0.7182325839261561
205,0,"Gold, Fish, Fruits",0.7289358631537596
206,3,"Fish, Sweets, Fruits",0.3409741317176501
207,2,"Gold, Meat, Sweets",0.5272319164477408
208,1,"Sweets, Wines, Meat",0.5505867059433822
209,0,"Wines, Gold, Fruits",0.766225310358208
210,2,"Gold, Sweets, Meat",0.4833690446408508
211,1,"Gold, Fish, Sweets",0.7417557471335215
212,2,"Fish, Sweets, Fruits",0.8259449819959493
213,1,"Meat, Fish, Fruits",0.6984263978296368
214,2,"Wines, Meat, Fish",0.40773089496298
215,2,"Fish, Sweets, Fruits",0.4786194892568558
216,0,"Gold, Fish, Sweets",0.8272825313899697
217,1,"Wines, Gold, Meat",0.8629457446580856
218,2,"Wines, Meat, Fish",0.34754146958516813
219,2,Gold,0.3691352087389254
220,1,"Wines, Meat, Gold",0.8282588197823809
221,1,"Wines, Meat, Gold",0.4690838206072787
222,2,"Gold, Sweets, Fish",0.6737686120114
223,1,"Wines, Meat, Fish",0.7603101231377899
224,1,"Meat, Gold, Wines",0.90283584546808
225,2,"Wines, Gold, Meat",0.32162686018562986
226,1,"Wines, Meat, Fruits",0.7656790115987907
227,0,"Gold, Fruits",0.8455365098820377
228,2,"Wines, Gold",0.40646937822060647
229,1,"Wines, Meat, Gold",0.8364097255634164
230,0,"Sweets, Wines",0.7626274655491347
231,2,"Meat, Fish, Fruits",0.8295158259599485
232,3,"Wines, Meat, Gold",0.9085619805921884
233,2,"Sweets, Fruits",0.34884339428409383
234,2,"Sweets, Meat",0.7067025362376195
235,0,Sweets,0.7851388189008699
236,2,"Fruits, Gold",0.671940389992608
237,1,"Wines, Sweets, Gold",0.8812610234442284
238,1,"Wines, Meat, Fish",0.8479256093359808
239,0,"Wines, Fish, Meat",0.7785418270523449
240,1,No uplift product,0.33362575985413534
241,2,"Gold, Fruits",0.6170762016524464
242,1,"Meat, Gold, Wines",0.8167726355490443
243,2,"Meat, Gold, Fish",0.656120578231648
244,2,"Wines, Meat, Gold",0.15783671600677854
245,3,"Wines, Meat, Gold",0.7262198344618702
246,3,"Wines, Meat, Gold",0.8244085826691586
247,1,"Wines, Meat, Fish",0.8227548207861688
248,2,"Gold, Sweets, Fish",0.7058685383069514
249,3,"Gold, Fruits",0.4278454891280751
250,1,"Wines, Meat, Gold",0.8408076354790514
251,3,"Fish, Fruits, Sweets",0.6990449410494401
252,3,"Wines, Meat, Fish",0.89089629694214
253,0,"Wines, Meat",0.782350561106932
254,3,"Wines, Fish, Sweets",0.7576429057134012
255,0,"Wines, Meat",0.7373285583056647
256,1,"Wines, Meat, Sweets",0.7543112723359547
257,0,"Fruits, Fish",0.7165265811586873
258,1,"Wines, Gold, Fish",0.7353257400557064
259,3,"Fruits, Gold, Sweets",0.46396384873634317
260,3,"Wines, Meat, Gold",0.905272792117936
261,3,"Wines, Gold, Fish",0.7741717072353935
262,2,"Meat, Gold, Fish",0.5315026653929535
263,0,"Wines, Meat",0.6921464580432471
264,0,"Wines, Meat, Gold",0.6376083991579281
265,0,"Wines, Fruits, Fish",0.6945690886700618
266,2,"Meat, Sweets, Fish",0.6165428958943052
267,1,"Wines, Meat, Gold",0.715980493805048
268,2,"Wines, Meat, Fish",0.40773089496298
269,1,Fruits,0.11620507136667861
270,2,"Wines, Meat, Fruits",0.15663999032958661
271,3,"Wines, Meat, Gold",0.8617059996753877
272,1,"Wines, Fish, Meat",0.8074754515352808
273,0,"Wines, Meat, Gold",0.7459674543709407
274,2,"Wines, Fruits",0.5805186958196878
275,0,"Wines, Gold",0.8002874511592091
276,1,"Fish, Sweets, Fruits",0.2220655432575043
277,1,"Meat, Wines, Fish",0.6485576381259627
278,1,"Fruits, Gold",0.7037716640210343
279,0,Sweets,0.7839867072102275
280,3,"Wines, Meat, Sweets",0.6795125762212247
281,3,"Wines, Meat, Gold",0.8216388402073237
282,2,"Meat, Fish, Fruits",0.5889893517406242
283,1,"Wines, Meat, Gold",0.7788424976985845
284,1,"Fish, Meat, Gold",0.8200557616600088
285,0,"Wines, Meat, Fruits",0.6627214363257059
286,2,"Meat, Fish, Gold",0.5880936885893854
287,3,"Wines, Meat, Gold",0.7895241823585416
288,2,"Gold, Sweets, Meat",0.4413494002816311
289,1,"Gold, Fruits, Fish",0.6683692502033937
290,1,No uplift product,0.6006855532810629
291,1,"Wines, Fish, Fruits",0.7959710271965775
292,0,"Meat, Wines, Gold",0.7888963616163552
293,1,"Wines, Gold, Meat",0.5351982213585476
294,0,"Fish, Gold, Meat",0.6707650759991364
295,2,"Meat, Gold, Fish",0.32987971718938447
296,1,"Fruits, Gold, Sweets",0.4608588773118121
297,1,"Wines, Meat, Fish",0.7190141815071999
298,3,"Wines, Meat, Gold",0.8663671072092893
299,0,"Gold, Sweets, Fruits",0.86651561651928
300,3,"Fruits, Fish, Meat",0.7328459899152254
301,3,"Wines, Meat, Gold",0.8867969235027268
302,3,"Wines, Meat, Sweets",0.9003608872864338
303,1,Sweets,0.14433233312230068
304,3,"Wines, Meat, Gold",0.8925657135493446
305,2,"Wines, Meat, Fruits",0.5235606266007672
306,1,"Wines, Meat, Gold",0.820717682615517
307,3,"Wines, Meat, Gold",0.7641441705438818
308,2,Sweets,0.7083380545471779
309,2,"Wines, Meat, Fish",0.5564913447333875
310,0,"Meat, Fruits, Fish",0.7313037135056302
311,1,"Wines, Gold, Fish",0.8710307938212644
312,1,"Gold, Meat, Wines",0.8060681856178893
313,3,"Wines, Meat, Gold",0.8298880500749772
314,1,"Gold, Sweets, Fish",0.7502987904171857
315,1,"Wines, Meat, Gold",0.8559665343499254
316,1,"Gold, Meat, Sweets",0.618208763252995
317,2,"Gold, Fish, Sweets",0.5743131537437532
318,1,"Meat, Wines, Fish",0.7876465388487692
319,1,"Wines, Meat, Gold",0.880486055739425
320,2,Wines,0.5966847890809885
321,0,"Meat, Gold, Fish",0.7329156779037679
322,1,"Wines, Meat, Sweets",0.7671606245310463
323,0,"Fish, Sweets, Fruits",0.8440386891686866
324,0,"Wines, Fruits, Gold",0.7469116394451872
325,1,"Sweets, Gold",0.5221621800883623
326,2,"Meat, Fish, Gold",0.5555447290847472
327,2,"Wines, Meat, Gold",0.30110701240826804
328,1,"Wines, Meat, Gold",0.7898518528965157
329,0,"Wines, Meat, Fruits",0.7135903603592869
330,3,"Wines, Meat, Gold",0.9225333552718001
331,0,"Wines, Meat",0.7139072945055578
332,3,"Wines, Meat, Gold",0.7516413364563023
333,1,"Wines, Meat, Gold",0.8116725216629938
334,2,"Gold, Wines, Fish",0.577537013159706
335,2,No uplift product,0.3906454675222373
336,0,"Wines, Fish, Gold",0.675986573295948
337,0,"Sweets, Wines, Gold",0.7578690099406372
338,2,"Gold, Fish, Sweets",0.5824102980115926
339,3,"Wines, Meat, Fish",0.7781895404198227
340,3,"Meat, Wines, Fish",0.6369996555205956
341,0,"Wines, Gold, Fish",0.8113014234121764
342,0,"Meat, Gold, Sweets",0.5349622251630609
343,3,No uplift product,0.5825672526521268
344,0,Gold,0.842310160130969
345,2,"Meat, Fish, Sweets",0.3765684250035939
346,3,"Wines, Meat, Gold",0.6556679605662513
347,1,"Wines, Meat, Gold",0.8408076354790514
348,2,"Wines, Fish, Sweets",0.4568167707777838
349,2,"Wines, Meat, Fruits",0.5129792881741551
350,0,"Wines, Fruits, Gold",0.7987628758034513
351,1,"Wines, Gold, Meat",0.7982357006132204
352,0,Fruits,0.7647370890728797
353,2,"Meat, Fruits, Gold",0.3038244275604084
354,1,"Wines, Meat, Gold",0.7455087984055736
355,3,"Sweets, Fruits, Fish",0.6619839807593152
356,1,"Wines, Meat, Gold",0.8040052624314017
357,2,"Fish, Sweets, Fruits",0.6715978107467526
358,3,"Wines, Gold, Meat",0.7351560196525639
359,3,"Wines, Fish, Fruits",0.6136769148153673
360,1,"Wines, Meat, Sweets",0.6261602020444028
361,1,"Wines, Gold, Meat",0.8068452516570604
362,2,"Meat, Fish, Sweets",0.6057819356641975
363,1,"Wines, Meat, Fish",0.7634390996835008
364,3,"Wines, Meat, Gold",0.6917189342192114
365,1,"Wines, Meat, Gold",0.8500982499600955
366,1,No uplift product,0.2153496060651607
367,3,"Wines, Sweets, Fruits",0.6572177760147667
368,1,"Meat, Wines, Gold",0.7403565060830017
369,1,"Wines, Meat, Gold",0.7737225953390464
370,2,"Wines, Meat, Fish",0.35335312204355385
371,2,"Meat, Fish",0.7064899226023535
372,3,"Wines, Meat, Fruits",0.5295612211800846
373,2,"Meat, Fish, Sweets",0.497247282509929
374,0,"Fish, Gold, Wines",0.832656572959617
375,1,"Gold, Fish, Fruits",0.4644277500115551
376,0,"Wines, Meat, Fish",0.7418576434847212
377,1,Fish,0.2643768987689793
378,2,"Meat, Fish, Sweets",0.5529033898712883
379,0,"Fruits, Sweets, Gold",0.7778596759318928
380,3,"Fruits, Sweets",0.7341380412931422
381,1,"Wines, Meat, Fish",0.8149336578148803
382,1,"Wines, Meat, Gold",0.8315423468566253
383,1,"Wines, Meat, Fish",0.6657482909277597
384,3,"Wines, Gold, Fish",0.6986207713930697
385,0,"Meat, Gold, Sweets",0.6715431223558943
386,3,"Wines, Fish",0.6880181433361048
387,1,No uplift product,0.2591626284870808
388,3,"Gold, Fish, Fruits",0.603902003083964
389,3,"Wines, Meat, Gold",0.8762906261751674
390,1,"Wines, Gold, Fruits",0.7523019067313096
391,3,Gold,0.5848679708958584
392,1,"Wines, Gold, Fish",0.8475203026615769
393,2,"Wines, Meat, Gold",0.5320580465740504
394,1,"Wines, Meat, Fish",0.7366594866421958
395,2,"Wines, Gold",0.4120993469850255
396,2,"Gold, Fruits, Fish",0.7373984741428066
397,1,Gold,0.2597609104646331
398,2,"Fish, Sweets",0.6411991444087288
399,0,"Wines, Sweets, Fruits",0.6713628115640786
400,1,"Wines, Meat, Fruits",0.7021685695264415
401,0,"Meat, Gold, Fish",0.6405339115417409
402,0,Meat,0.8399719922186846
403,2,"Meat, Gold, Sweets",0.5457835773697788
404,1,"Wines, Gold, Fish",0.7680473737796665
405,1,"Wines, Meat, Gold",0.7767037326084439
406,1,"Wines, Meat, Gold",0.8446163473836616
407,0,"Meat, Fish, Gold",0.7750274593424217
408,0,"Sweets, Gold, Fish",0.7330202302311848
409,3,"Wines, Meat, Gold",0.879551346636501
410,0,"Wines, Gold",0.8631230666825424
411,2,"Fish, Fruits, Gold",0.09862161891776901
412,1,"Wines, Meat, Gold",0.7457514420504341
413,2,"Wines, Fruits",0.5113214279474504
414,0,"Meat, Gold, Fish",0.6786916656736153
415,2,"Wines, Fruits, Sweets",0.2665950399294867
416,2,"Wines, Meat",0.6080645669646498
417,2,"Wines, Fish",0.6539943480069188
418,1,"Gold, Wines, Fish",0.7511338102204702
419,3,"Wines, Meat, Gold",0.6725604065128868
420,2,"Wines, Gold, Fish",0.4613983106869883
421,2,"Meat, Wines, Gold",0.26463817909000886
422,1,"Gold, Meat, Fish",0.7617438733726953
423,1,"Wines, Meat, Gold",0.7648449891149836
424,1,"Wines, Gold, Meat",0.8628919305328675
425,3,"Wines, Gold, Sweets",0.5556697680145962
426,1,"Wines, Meat, Gold",0.4971486995965534
427,1,"Wines, Gold, Meat",0.8068452516570604
428,1,"Wines, Meat, Gold",0.6250430668067308
429,1,"Wines, Meat, Gold",0.6104262479155064
430,1,"Gold, Sweets",0.661829461554135
431,0,"Wines, Gold, Fish",0.775256062765514
432,1,"Wines, Meat, Gold",0.8101651094574722
433,2,"Wines, Meat, Gold",0.19872525997793433
434,2,"Wines, Gold, Fruits",0.5598394507703329
435,2,"Gold, Meat",0.7125431314477191
436,1,"Wines, Gold, Sweets",0.7702159147326642
437,3,No uplift product,0.3484215510425621
438,2,"Gold, Wines, Fish",0.6893757733563086
439,3,Sweets,0.6530122793418783
440,0,"Fruits, Gold, Wines",0.7986310999975338
441,1,Fish,0.6127331160885151
442,3,Gold,0.4077371394728723
443,0,"Wines, Gold, Meat",0.73431295277739
444,2,"Fruits, Sweets, Fish",0.3837240443261725
445,0,"Wines, Meat, Fruits",0.699267499326719
446,3,"Meat, Fruits, Fish",0.4664931856421588
447,0,"Wines, Meat",0.782350561106932
448,1,"Wines, Fruits",0.7503208632951509
449,0,"Fish, Gold, Meat",0.7287504182979159
450,0,"Fish, Gold, Meat",0.7075947733893333
451,1,"Wines, Meat, Gold",0.7770731437164354
452,3,Gold,0.49335998417135163
453,2,"Fish, Sweets, Fruits",0.38244848245354
454,2,No uplift product,0.6209442456944306
455,1,"Wines, Meat, Gold",0.8338118845707226
456,2,"Gold, Meat, Fish",0.42665041425396766
457,3,"Wines, Meat, Gold",0.7896118844928482
458,1,"Wines, Meat, Gold",0.7891527277869682
459,2,"Wines, Fruits",0.8045135725230238
460,3,"Wines, Meat, Gold",0.7472714802274356
461,3,"Fish, Fruits, Sweets",0.2313661866781329
462,2,"Wines, Meat, Fish",0.5409646876114942
463,2,"Wines, Meat, Sweets",0.2365378533445694
464,1,"Wines, Fish, Meat",0.8348842031052186
465,1,"Gold, Meat, Wines",0.8475350826641677
466,1,No uplift product,0.5349385438214893
467,3,"Gold, Fish, Fruits",0.5408183024818722
468,0,"Meat, Wines, Gold",0.6472964599953961
469,0,"Meat, Wines, Gold",0.7483755570368142
470,2,"Fruits, Fish, Gold",0.3680340236985948
471,2,"Meat, Sweets, Fish",0.596724545976048
472,1,"Wines, Meat, Gold",0.8148432837393192
473,1,"Wines, Fruits, Gold",0.3630700314190849
474,2,Fruits,0.6105607774147638
475,1,"Fruits, Gold, Sweets",0.4919885291550472
476,0,"Meat, Fruits, Gold",0.7224155747657152
477,2,"Meat, Sweets, Fish",0.3383126787405903
478,0,"Meat, Wines, Fish",0.35623149108846175
479,2,"Wines, Gold, Fish",0.44402867782993316
480,1,"Meat, Gold, Fish",0.3885606490436559
481,2,"Gold, Fruits, Sweets",0.42780090840756907
482,2,"Gold, Fruits, Sweets",0.4970811865082039
483,0,"Meat, Wines, Gold",0.5580491760026218
484,3,"Wines, Meat, Sweets",0.7491902237692958
485,3,"Wines, Meat, Gold",0.62485158594112
486,1,"Wines, Meat",0.42082118974083255
487,2,"Meat, Fruits",0.39575645567800305
488,3,"Wines, Meat, Gold",0.6725604065128868
489,0,"Meat, Fish, Sweets",0.558300980880278
490,0,"Wines, Meat, Gold",0.4500978128984585
491,0,"Meat, Wines, Sweets",0.828908277992578
492,1,"Fish, Fruits, Wines",0.621538482419347
493,2,"Wines, Meat, Gold",0.5744519235452296
494,1,"Fish, Sweets, Fruits",0.6671799547588716
495,2,Wines,0.47196662988644456
496,3,Gold,0.6381328185733481
497,0,"Meat, Fish, Gold",0.8512923199867345
498,3,"Fish, Fruits",0.4325016430093718
499,0,"Gold, Fruits, Fish",0.856249557938471
500,3,"Wines, Fruits, Fish",0.8112263518066333
501,1,"Wines, Meat, Gold",0.8357387696116323
502,0,"Wines, Meat, Fish",0.72676832359789
503,0,"Gold, Fish, Sweets",0.7252978130389961
504,3,"Wines, Meat, Gold",0.8125292213016109
505,0,"Meat, Sweets, Fish",0.6701369456686761
506,1,Fruits,0.3522654308997717
507,0,"Meat, Fish, Sweets",0.5796931746742543
508,1,"Fruits, Wines",0.6328660566751274
509,1,"Wines, Gold, Meat",0.8044726293310385
510,0,"Meat, Fish, Gold",0.7397176632692257
511,0,"Wines, Meat, Fruits",0.47059092134580743
512,0,"Meat, Sweets",0.6901820684161831
513,3,No uplift product,0.6381269171097124
514,2,"Wines, Meat, Gold",0.28964148532291295
515,0,"Meat, Gold, Sweets",0.5737833300517348
516,3,"Gold, Meat, Fish",0.5318176790006861
517,3,Fish,0.7601232197350335
518,1,"Wines, Gold, Fish",0.8501548399768997
519,3,"Sweets, Gold",0.49096576748290677
520,3,"Meat, Wines, Gold",0.5768922404663634
521,0,"Meat, Wines, Gold",0.6927120971952145
522,3,"Gold, Fruits",0.3375611727562455
523,1,"Wines, Meat, Fish",0.8376976204346503
524,1,"Wines, Meat, Sweets",0.7712879195248199
525,1,Fish,0.32562209658293423
526,1,"Fish, Sweets, Fruits",0.45925431391693616
527,0,"Fish, Gold, Meat",0.6388598254778225
528,2,"Wines, Gold, Fruits",0.3706354941208662
529,1,"Wines, Meat, Gold",0.6829173635823115
530,0,"Wines, Fish, Gold",0.8180942787386726
531,1,Gold,0.7137816473892202
532,3,"Wines, Meat, Fish",0.8744537933368801
533,3,"Wines, Meat, Gold",0.900125398301238
534,3,"Wines, Meat, Fish",0.663659284584639
535,1,"Wines, Sweets, Meat",0.728175160779452
536,2,"Meat, Wines, Fish",0.25715390292043405
537,1,"Wines, Fruits",0.5388681450631279
538,0,"Wines, Fruits, Gold",0.7602187999389503
539,3,Gold,0.6877403210919072
540,2,"Wines, Meat",0.24045988464181198
541,0,"Fish, Wines",0.8037522883801771
542,1,"Wines, Meat, Fruits",0.5918408312809297
543,2,Gold,0.531784773977131
544,1,"Meat, Gold, Wines",0.7296779912238881
545,0,"Wines, Fish, Gold",0.8173703173579645
546,2,"Wines, Meat, Sweets",0.5882731280913664
547,2,Wines,0.45199509074205313
548,3,No uplift product,0.20456768392728475
549,3,"Fish, Fruits, Sweets",0.5245425369175456
550,2,"Gold, Fruits, Meat",0.5814666416290523
551,3,"Wines, Meat, Gold",0.8984318241048791
552,1,"Meat, Wines, Gold",0.5807668920841836
553,3,"Wines, Meat, Gold",0.8203209403413657
554,2,"Wines, Meat, Fruits",0.35958114333140395
555,3,"Wines, Meat, Gold",0.9393184766281004
556,1,No uplift product,0.6772719688147363
557,3,Fish,0.4650735718783602
558,1,"Gold, Wines, Sweets",0.8832150297606174
559,2,"Gold, Fish, Meat",0.6087853679636642
560,3,"Meat, Fruits, Sweets",0.8134138992681763
561,3,"Wines, Meat, Gold",0.8697344207764435
562,3,"Wines, Meat, Gold",0.9413169521575859
563,3,"Gold, Sweets",0.7605610741854444
564,3,"Meat, Gold, Fish",0.7578857013420233
565,2,"Wines, Meat, Fruits",0.49367605661159497
566,3,"Wines, Meat, Gold",0.81859075160855
567,1,"Meat, Fish",0.4845607492763751
568,1,"Meat, Gold, Fish",0.7749205561101468
569,3,"Wines, Meat, Gold",0.7541364828771105
570,0,"Sweets, Fish, Fruits",0.6994183459040056
571,2,"Wines, Gold",0.3814021750507494
572,3,"Fruits, Meat, Fish",0.33711854357528315
573,1,"Wines, Meat, Fish",0.49401108778013664
574,1,"Wines, Fruits, Fish",0.8037143715343815
575,0,Gold,0.8263713289356323
576,0,Wines,0.8502293307035482
577,1,"Meat, Wines, Sweets",0.7130488010947209
578,0,"Wines, Meat, Fish",0.5135055414065098
579,1,"Wines, Meat, Fish",0.8098590317535593
580,1,"Wines, Meat, Sweets",0.7527487065794597
581,3,"Wines, Meat, Gold",0.9057737674619287
582,1,"Wines, Meat, Gold",0.7574539070825113
583,1,"Gold, Fish, Wines",0.7377411066278364
584,1,"Meat, Gold, Fish",0.5318290907057031
585,2,"Meat, Fish, Sweets",0.7057812390579764
586,0,"Wines, Fruits, Fish",0.8204566953565264
587,2,"Wines, Meat, Fish",0.5997927971461176
588,3,"Wines, Meat, Fish",0.8543227337313949
589,1,"Fish, Sweets",0.6752920690529695
590,1,"Meat, Gold, Fish",0.44141017970801016
591,3,"Wines, Meat, Gold",0.7989407782415119
592,1,"Wines, Meat, Gold",0.5285723581630931
593,0,"Wines, Fruits, Gold",0.715758903409769
594,1,No uplift product,0.4490859942377885
595,1,"Gold, Sweets",0.15280252491434532
596,1,"Wines, Meat, Fish",0.7875498615770923
597,3,"Wines, Meat, Gold",0.8663671072092893
598,0,"Wines, Meat, Gold",0.6421978640760144
599,3,No uplift product,0.6577643095191784
600,3,"Wines, Meat, Gold",0.7966939516832368
601,3,"Meat, Gold, Wines",0.3754257038844674
602,3,"Wines, Meat, Gold",0.6721768123551164
603,3,No uplift product,0.2833219472362899
604,3,"Fruits, Sweets, Meat",0.4373847669086033
605,1,"Wines, Meat",0.5633982473666838
606,0,"Meat, Sweets, Gold",0.6527639649168099
607,1,"Wines, Gold, Meat",0.7865651447208152
608,0,"Wines, Meat, Fruits",0.7271302471352135
609,1,"Wines, Gold, Meat",0.7749011426256402
610,0,"Wines, Sweets, Fruits",0.5263046481610242
611,2,"Gold, Fruits",0.6974144031213251
612,3,"Wines, Gold, Sweets",0.6094202074254461
613,1,"Gold, Sweets, Fruits",0.6973519001435773
614,2,"Gold, Fish, Sweets",0.4344763711993349
615,0,"Meat, Fish, Sweets",0.667538486491843
616,2,Wines,0.45199509074205313
617,1,"Wines, Meat, Sweets",0.49448844263880126
618,0,"Wines, Fish, Fruits",0.781206841249909
619,3,"Wines, Meat, Gold",0.790689984512273
620,0,"Wines, Fish, Fruits",0.7599461683963304
621,2,"Wines, Meat, Fish",0.22864915672999073
622,2,Gold,0.7803045383055881
623,2,Fruits,0.5996235072817615
624,2,"Meat, Fish",0.7064899226023535
625,0,"Fish, Sweets, Gold",0.7166693169130597
626,2,"Meat, Gold, Fish",0.6557435253985588
627,2,"Wines, Meat, Fish",0.2562114956740947
628,0,"Fish, Sweets",0.728037583614029
629,3,"Gold, Fruits",0.7544311337200259
630,0,"Meat, Sweets",0.7588213422843616
631,1,"Sweets, Fish, Fruits",0.5004795425971683
632,2,"Fruits, Meat, Gold",0.6100797222377021
633,2,"Wines, Meat, Fruits",0.5414001205753186
634,0,"Fruits, Gold",0.87700957099601
635,1,"Wines, Gold, Meat",0.7975422756233876
636,2,"Gold, Fish",0.7920509243896773
637,3,"Wines, Gold, Fish",0.5527820818851612
638,2,"Wines, Meat, Gold",0.2156116563628902
639,1,"Wines, Meat, Gold",0.09725616653382875
640,3,"Fish, Meat, Fruits",0.5725921784600898
641,1,No uplift product,0.33362575985413534
642,2,"Wines, Fish, Gold",0.6089921175096585
643,3,"Fruits, Sweets, Fish",0.7666514555283627
644,2,"Meat, Gold, Fish",0.5803663472127473
645,1,"Wines, Meat, Gold",0.8500982499600955
646,2,Wines,0.4980718463813383
647,1,"Wines, Meat, Gold",0.6178819758412033
648,1,"Wines, Gold, Meat",0.5842373567804423
649,1,"Wines, Meat, Fruits",0.5916068562787087
650,3,"Wines, Meat, Gold",0.6384390014155739
651,1,"Wines, Meat, Sweets",0.7907866150018562
652,1,"Meat, Gold, Fish",0.8709344747884553
653,3,No uplift product,0.7040107733757646
654,2,"Wines, Gold",0.6306273582713374
655,2,"Wines, Meat, Fish",0.5718774075427875
656,2,Wines,0.4444575713765937
657,2,"Wines, Meat, Gold",0.4641491541752077
658,2,"Meat, Fruits, Gold",0.3038244275604084
659,3,"Wines, Meat, Gold",0.692611732487181
660,2,"Meat, Gold, Sweets",0.6856013973838163
661,0,"Wines, Meat, Fish",0.612370844640506
662,1,"Sweets, Fruits, Gold",0.6518610628418954
663,0,"Meat, Wines, Gold",0.602355573026709
664,2,"Meat, Fish, Sweets",0.5331891973135181
665,0,Meat,0.7739535836685636
666,1,Wines,0.13873461834248826
667,3,Fish,0.5394303156614718
668,0,"Fish, Wines, Sweets",0.7445278670787989
669,2,"Wines, Meat, Fruits",0.4413041404537127
670,0,Gold,0.8850686129431191
671,0,"Wines, Fish, Gold",0.41609938613297415
672,0,"Fish, Gold, Sweets",0.7084407163593162
673,0,"Wines, Sweets, Fish",0.7400093884625226
674,2,"Meat, Wines, Gold",0.354577033289808
675,0,"Meat, Wines, Fruits",0.6956377483045274
676,3,Wines,0.4002128093952697
677,1,"Wines, Meat, Gold",0.5531425529158746
678,3,"Wines, Meat, Fish",0.7116598803263151
679,3,"Meat, Gold, Fish",0.6919402410585549
680,1,"Wines, Meat, Gold",0.6446689487758536
681,3,"Wines, Gold, Fruits",0.7799139295103378
682,0,"Wines, Meat, Fruits",0.5304789212112715
683,0,"Wines, Meat, Sweets",0.7244639070649131
684,2,"Wines, Gold, Fruits",0.41180982403024746
685,2,"Wines, Gold, Fish",0.07151908890426667
686,2,"Fish, Sweets, Fruits",0.523740836534376
687,0,"Meat, Fish, Gold",0.6809531836081433
688,1,"Gold, Meat",0.6668305739694942
689,2,No uplift product,0.3906454675222373
690,1,"Meat, Wines, Fruits",0.6190891684070402
691,2,"Meat, Gold, Sweets",0.4065091799211423
692,2,"Meat, Fish, Sweets",0.37229448308119734
693,1,"Meat, Wines, Fish",0.7876465388487692
694,1,"Wines, Meat, Gold",0.8707183994927515
695,2,"Meat, Sweets, Fish",0.7243472408340352
696,1,"Wines, Meat",0.7205179210973707
697,0,"Wines, Meat, Fish",0.5022600247292466
698,1,Gold,0.6039270737887671
699,0,"Meat, Fruits",0.7438553821367787
700,0,"Wines, Fruits, Fish",0.7240715579824396
701,1,"Wines, Gold, Meat",0.8523600017320034
702,2,"Wines, Fish",0.710869563403022
703,3,"Wines, Meat, Gold",0.7556133092039845
704,2,"Gold, Fish, Fruits",0.4204979798817554
705,2,"Meat, Fruits, Fish",0.24592164463337918
706,1,"Wines, Meat, Gold",0.8540140483281294
707,0,Wines,0.7647016738363887
708,1,"Wines, Meat, Fruits",0.6589019836947978
709,3,"Wines, Meat, Gold",0.5901023104394092
710,0,"Wines, Fruits, Gold",0.8461044832718716
711,0,"Wines, Meat, Sweets",0.801218546665222
712,3,"Fruits, Sweets",0.6768065173893846
713,0,"Meat, Wines, Fruits",0.5735451247835952
714,3,"Wines, Meat, Gold",0.775041418929715
715,2,"Wines, Meat, Fish",0.4685914453322282
716,2,"Wines, Meat, Fish",0.48191446503715535
717,3,"Fruits, Sweets",0.7489280665839384
718,2,"Gold, Fish, Sweets",0.39212428689963075
719,0,"Gold, Fruits, Fish",0.7336829111980361
720,2,Wines,0.5190465183883333
721,3,No uplift product,0.26298489568784256
722,1,"Wines, Meat, Gold",0.8287981825465421
723,2,"Wines, Sweets",0.5697774957415705
724,2,"Meat, Gold, Fish",0.6240098407233599
725,3,"Wines, Meat, Fruits",0.8706447655302904
726,3,"Wines, Meat, Gold",0.8428203469913851
727,1,"Wines, Meat",0.6925592737578059
728,0,"Wines, Meat, Fruits",0.7452032191972626
729,0,"Meat, Sweets, Fruits",0.7713344403144627
730,1,"Wines, Meat, Gold",0.7356598589489411
731,0,"Wines, Meat, Fruits",0.7370722549647307
732,1,"Wines, Meat, Fish",0.833485012397595
733,0,"Meat, Fish, Sweets",0.5936891419919322
734,0,"Wines, Fish, Fruits",0.8280952615574205
735,3,"Gold, Sweets",0.300567551208678
736,2,Wines,0.4980718463813383
737,0,"Fish, Sweets, Gold",0.7009504311187583
738,0,Meat,0.855659123910372
739,0,"Wines, Meat, Fruits",0.683785124596193
740,2,"Gold, Fish, Sweets",0.6377559031350426
741,2,"Meat, Sweets, Fish",0.6086333274220446
742,1,"Fish, Fruits, Meat",0.6857082715033681
743,3,"Meat, Wines, Fish",0.6063217663664038
744,1,"Wines, Gold, Meat",0.7273221765223354
745,2,"Wines, Gold, Fish",0.28555186298605445
746,0,"Meat, Gold",0.8166744507332696
747,1,"Meat, Fish, Sweets",0.8258778616124571
748,0,"Wines, Meat, Fish",0.5958738888554461
749,3,"Sweets, Fish, Fruits",0.5154273381940202
750,0,"Sweets, Wines, Fruits",0.7520521612813905
751,0,"Meat, Wines",0.7009993826177368
752,3,"Wines, Meat",0.4151535228837382
753,2,"Wines, Meat, Sweets",0.5311876479210987
754,2,"Wines, Sweets, Fruits",0.4496503997674397
755,0,"Meat, Sweets",0.7228835060969885
756,2,"Wines, Meat, Fruits",0.5144706700039609
757,3,"Wines, Meat, Gold",0.8680534158652672
758,1,"Meat, Fish, Gold",0.485140576971991
759,3,"Wines, Meat, Gold",0.8414834903900565
760,1,"Gold, Fish, Meat",0.5066888075291929
761,0,"Gold, Meat, Sweets",0.6334687468673735
762,3,"Wines, Meat, Gold",0.7562621878638215
763,0,"Wines, Fruits",0.5795250037125925
764,0,"Wines, Gold, Fruits",0.71783098758188
765,3,"Wines, Meat, Gold",0.852697677196686
766,1,"Wines, Meat, Gold",0.796939885879213
767,1,"Wines, Meat, Gold",0.7721065958333881
768,1,"Wines, Gold, Meat",0.8510544250808038
769,1,"Wines, Meat, Fish",0.7277838087182315
770,3,"Wines, Meat, Gold",0.8354749665627678
771,2,"Wines, Sweets, Fish",0.5118414640082827
772,2,"Wines, Meat, Sweets",0.19668410025315342
773,2,"Wines, Meat, Gold",0.26410061479023567
774,0,"Wines, Fish, Gold",0.7590994220733871
775,0,"Wines, Fish, Gold",0.6555421081442396
776,1,"Wines, Meat, Gold",0.5285360002538722
777,3,"Gold, Fruits, Sweets",0.7587450952652659
778,1,Wines,0.17932426906746116
779,1,"Gold, Fruits",0.3387745143859428
780,2,"Wines, Meat, Gold",0.5119277717675618
781,2,Sweets,0.6342300494586427
782,0,Gold,0.8819652126643759
783,1,"Gold, Wines, Meat",0.7721733356018231
784,2,"Wines, Gold, Fruits",0.41524900477969817
785,3,"Wines, Meat, Gold",0.7532611017514851
786,3,"Wines, Meat",0.7937298292127372
787,0,"Meat, Fish, Gold",0.7304469974108412
788,0,"Meat, Gold, Fruits",0.6297290449219451
789,3,"Fish, Fruits, Meat",0.5617357284135889
790,3,"Wines, Gold, Meat",0.5247134338327739
791,2,"Wines, Meat, Sweets",0.27365889000186266
792,2,"Fish, Sweets, Meat",0.5288745395153484
793,0,"Fruits, Wines",0.6069403259374008
794,1,"Wines, Meat, Fish",0.6229457410553465
795,1,"Wines, Meat, Gold",0.784809758133227
796,0,"Wines, Meat, Fish",0.6072742749894343
797,2,"Wines, Fruits, Gold",0.6765615931754038
798,0,"Wines, Gold, Fish",0.8205201981906011
799,3,"Gold, Sweets",0.21811255188615403
800,3,"Wines, Meat, Gold",0.8279416814982601
801,2,"Wines, Fruits, Gold",0.013686035531446775
802,2,"Meat, Fish, Sweets",0.5080305494088938
803,1,"Wines, Meat, Gold",0.8030095238357978
804,0,"Fish, Gold, Fruits",0.8054675718101882
805,1,"Wines, Meat, Gold",0.8546316200140414
806,0,"Meat, Wines, Fish",0.36555925033248127
807,1,"Wines, Fruits",0.5388681450631279
808,2,Gold,0.531784773977131
809,2,"Gold, Fish",0.5238438238376902
810,2,"Gold, Sweets, Fish",0.5040892669004654
811,3,"Wines, Meat, Gold",0.8310548430259483
812,2,"Gold, Fruits",0.5227323728177878
813,1,"Wines, Meat, Gold",0.8218365511676713
814,3,"Wines, Gold, Sweets",0.7448476915706688
815,0,"Meat, Wines, Fish",0.3813126687885156
816,2,"Wines, Meat, Gold",0.5555840992831093
817,1,"Wines, Meat, Fish",0.7617764587134318
818,3,"Wines, Meat, Gold",0.8303960729698372
819,2,Wines,0.6949142534967512
820,1,"Fish, Sweets",0.48821031169552237
821,0,"Fish, Wines, Sweets",0.764701047611929
822,1,"Meat, Gold, Fish",0.5459546778170966
823,2,"Meat, Wines, Fish",0.37679199060594953
824,3,"Wines, Meat",0.844059341832238
825,2,"Wines, Meat, Gold",0.1436905214930814
826,1,"Wines, Meat",0.6566429058919337
827,1,"Wines, Gold, Sweets",0.7233377432246998
828,0,"Wines, Sweets, Meat",0.7482687201410559
829,0,Sweets,0.8855436987778538
830,0,"Fish, Meat, Sweets",0.6308900646424772
831,2,"Fish, Meat, Sweets",0.6147444280842268
832,3,"Fruits, Gold",0.3780153052234074
833,3,"Wines, Meat, Fish",0.6063934788493359
834,1,"Sweets, Fruits, Fish",0.14214595339561814
835,2,"Wines, Meat, Gold",0.3870704366141242
836,0,"Wines, Gold, Fruits",0.8274430383502728
837,3,"Wines, Meat, Gold",0.9028228886934425
838,3,"Meat, Fish, Fruits",0.339800390114157
839,2,"Wines, Sweets",0.5482649257595257
840,3,"Wines, Meat, Gold",0.6093363299669776
841,2,"Wines, Meat, Sweets",0.18200986897131985
842,3,"Wines, Meat, Gold",0.8367434462616739
843,0,"Meat, Fish, Fruits",0.6569370714938451
844,1,"Wines, Gold, Meat",0.8033187275662146
845,3,"Fish, Sweets, Fruits",0.7444324062126288
846,1,"Wines, Meat, Gold",0.6843895075945023
847,1,No uplift product,0.31035916295069005
848,1,No uplift product,0.37050115703213066
849,3,"Sweets, Gold",0.35154307217301506
850,2,"Wines, Meat, Gold",0.18258582480925362
851,1,"Wines, Meat, Gold",0.7610117713595959
852,2,"Wines, Meat, Sweets",0.31228570349215784
853,1,"Wines, Meat, Gold",0.7765761512211986
854,0,"Gold, Fish, Sweets",0.6036942482024511
855,2,"Gold, Wines",0.3393382479928396
856,1,"Wines, Gold, Meat",0.7441568193889976
857,3,Wines,0.6045098881938468
858,2,"Sweets, Meat, Fish",0.27151887531460667
859,0,"Fruits, Gold",0.7868259283403763
860,2,"Wines, Meat, Fish",0.39469841036697245
861,1,"Wines, Sweets",0.7528527224819779
862,0,"Wines, Sweets, Fish",0.8516811964611724
863,1,"Wines, Gold",0.6466076234240757
864,1,"Wines, Meat, Fish",0.7350183584251844
865,1,"Meat, Wines, Fish",0.5200435366805676
866,1,"Wines, Meat, Gold",0.6571464560491738
867,3,"Wines, Gold, Meat",0.737424517445903
868,0,Gold,0.8850686129431191
869,0,Fruits,0.8625841620698163
870,3,"Fish, Gold, Fruits",0.6751902737117792
871,3,"Wines, Meat, Gold",0.9285803251541328
872,2,"Wines, Meat, Fruits",0.5133716363623451
873,0,"Meat, Sweets, Gold",0.7384673702885046
874,1,"Fish, Meat, Sweets",0.7958160645636262
875,2,"Wines, Meat, Sweets",0.3047408969634635
876,0,"Wines, Fish, Fruits",0.7145620877242439
877,1,"Wines, Meat, Gold",0.7961734703536067
878,0,"Meat, Wines, Fruits",0.5844454946611551
879,2,"Meat, Sweets, Fish",0.519911772520408
880,2,"Wines, Meat",0.45826002506507457
881,0,"Meat, Gold",0.5796679877381408
882,1,"Gold, Sweets",0.4521033998412969
883,1,"Wines, Meat, Fish",0.7668419441229074
884,0,"Wines, Fish, Fruits",0.7768498448070502
885,1,"Meat, Fish, Fruits",0.33704798108761413
886,0,"Wines, Fish, Meat",0.7607896854573738
887,0,"Wines, Meat, Sweets",0.42173541332180986
888,3,Fish,0.7428765459074963
889,0,"Wines, Meat, Sweets",0.7376084954331601
890,0,"Wines, Fish, Sweets",0.7487923370723929
891,1,"Wines, Meat, Gold",0.7942429943321313
892,1,"Gold, Fish, Fruits",0.6687975331383746
893,1,"Gold, Sweets",0.4629668220325159
894,0,"Gold, Sweets, Fruits",0.8457810638797646
895,0,"Fruits, Gold, Wines",0.7286916705416593
896,2,"Meat, Fish, Sweets",0.7421128909107196
897,1,"Fruits, Fish",0.7585168890050804
898,0,"Gold, Sweets, Fruits",0.7426761614284504
899,0,"Wines, Meat, Gold",0.7885299836768626
900,0,"Meat, Sweets, Gold",0.6411320566970655
901,0,"Fish, Gold, Meat",0.6388598254778225
902,3,No uplift product,0.1423858816584907
903,0,"Sweets, Gold, Fruits",0.825480341775174
904,3,"Wines, Meat, Gold",0.8836993627826386
905,0,"Wines, Sweets, Fruits",0.7060346223476621
906,1,"Wines, Fish, Meat",0.7552141293735154
907,3,"Wines, Meat, Fish",0.8601658538475903
908,0,"Gold, Meat",0.5261050147493535
909,1,Fish,0.2467208914000259
910,0,"Wines, Meat, Sweets",0.7002918697822218
911,0,Sweets,0.8382225710879443
912,0,"Wines, Meat, Fish",0.7418576434847212
913,2,"Fish, Sweets",0.43085478222665197
914,0,"Wines, Fruits, Gold",0.746459094219055
915,1,Wines,0.6066661200726877
916,2,"Meat, Sweets, Fruits",0.6424770277463228
917,1,"Wines, Meat, Gold",0.7745266337389178
918,0,"Wines, Meat, Fish",0.5958738888554461
919,1,"Gold, Meat, Wines",0.7649400995585809
920,0,"Wines, Meat, Fruits",0.6882281781894733
921,2,"Gold, Fruits, Fish",0.7501437913142058
922,2,"Wines, Fish, Fruits",0.6627823297995764
923,2,"Meat, Gold, Fruits",0.17849519684681803
924,2,Wines,0.5313581419434531
925,2,"Meat, Sweets, Fish",0.654358718608334
926,0,"Wines, Fish",0.7771591583668446
927,0,"Fruits, Sweets",0.82920457746834
928,1,"Wines, Meat, Gold",0.5995418105462417
929,0,"Meat, Fish, Sweets",0.34741911050344354
930,2,"Wines, Meat",0.3498943400848268
931,3,No uplift product,0.45106102960279587
932,1,"Wines, Fish, Meat",0.6858660911670829
933,2,"Meat, Gold, Sweets",0.3543483730419128
934,1,"Wines, Meat, Fish",0.7426229234157271
935,3,"Wines, Meat, Fish",0.8654204480307468
936,3,"Wines, Sweets, Fish",0.7022198914893437
937,1,"Wines, Sweets, Fruits",0.6260485401029247
938,3,"Wines, Meat, Fruits",0.8258256702579503
939,3,"Wines, Gold, Meat",0.8130392212891648
940,2,"Wines, Meat, Fish",0.38313721812540946
941,2,"Wines, Fruits",0.5207233619031848
942,3,"Wines, Meat, Gold",0.829156444106071
943,2,"Wines, Meat, Fish",0.2846976656151878
944,2,"Fish, Meat",0.5659249479740723
945,2,"Meat, Fish, Wines",0.31576470612733093
946,1,"Wines, Meat, Gold",0.7357764623188955
947,3,"Gold, Wines, Fish",0.5765908720093618
948,3,Gold,0.6613218965612588
949,2,"Wines, Fish",0.5229456392976477
950,0,"Fish, Fruits, Sweets",0.8202401925764984
951,1,"Fish, Gold, Fruits",0.7331978181375627
952,1,"Meat, Wines, Gold",0.8914254360515986
953,2,"Wines, Gold",0.32279913301685187
954,0,"Wines, Meat, Fish",0.7550104077294505
955,3,"Wines, Meat, Gold",0.8315018753983229
956,1,"Wines, Fish, Fruits",0.7080192808978009
957,2,"Wines, Meat, Gold",0.294779436712078
958,0,"Gold, Fish, Meat",0.8133117302505762
959,0,"Wines, Gold, Fruits",0.7029528034314294
960,0,"Gold, Sweets, Meat",0.7674899734191621
961,3,"Fruits, Sweets",0.6768065173893846
962,3,"Wines, Meat, Fish",0.8748592650311263
963,2,"Meat, Sweets, Fish",0.7363898427544422
964,3,"Wines, Meat, Gold",0.7026733963845331
965,1,"Wines, Meat, Gold",0.6536065110607434
966,1,"Wines, Fish, Meat",0.8571494301349037
967,2,"Gold, Fish",0.6679947199988123
968,0,"Meat, Sweets",0.7117983466408364
969,3,"Fish, Fruits",0.3361473636455901
970,0,"Fish, Gold, Sweets",0.8523927679300509
971,0,"Fruits, Fish",0.7982958828587692
972,0,"Wines, Fruits, Sweets",0.8013423606252842
973,3,"Wines, Meat, Gold",0.7404727375797893
974,0,"Meat, Fish, Fruits",0.7382094897801442
975,1,"Wines, Meat, Gold",0.7733078697025388
976,2,"Wines, Meat, Gold",0.21267936931800613
977,2,"Wines, Gold, Sweets",0.15744684382876756
978,3,"Wines, Meat, Fish",0.6824186486674473
979,1,"Wines, Meat, Gold",0.6446689487758536
980,0,"Gold, Fruits, Sweets",0.7209297051418196
981,3,"Wines, Meat",0.8536101597413941
982,2,"Wines, Fruits, Gold",0.29652369290002356
983,3,Sweets,0.2624193835418873
984,2,"Wines, Sweets, Gold",0.3943400315846436
985,0,"Gold, Sweets, Fruits",0.7052421406009296
986,2,"Wines, Meat, Sweets",0.4288643320767
987,1,"Wines, Meat, Fish",0.8268272242168371
988,3,"Fish, Fruits, Sweets",0.5345151674946786
989,2,"Wines, Meat, Gold",0.29294812797724545
990,2,"Wines, Fish, Gold",0.6217109385650048
991,0,"Meat, Sweets, Fruits",0.7713344403144627
992,3,"Wines, Meat, Fish",0.8744537933368801
993,3,"Wines, Meat, Gold",0.8133069167720821
994,2,Fruits,0.5728315302043158
995,3,"Gold, Wines, Fish",0.515382351444486
996,1,Fish,0.47852831351243436
997,3,"Wines, Meat, Fruits",0.5265535693226664
998,3,"Wines, Meat, Gold",0.8856029104641289
999,0,"Wines, Meat, Fish",0.47572014722580847
1000,0,Meat,0.7771130553598106
1001,1,"Gold, Fruits, Sweets",0.25057366907309486
1002,1,"Wines, Meat, Gold",0.7588251009896975
1003,1,"Wines, Meat, Gold",0.5614900184425899
1004,1,"Gold, Fish, Sweets",0.6887762056449271
1005,1,"Gold, Fish, Sweets",0.8396734398756875
1006,2,"Sweets, Fish, Meat",0.6809587689685944
1007,3,"Wines, Meat, Gold",0.6492900867466866
1008,1,"Wines, Meat, Sweets",0.7918120595557947
1009,2,"Wines, Meat",0.5534246345488186
1010,1,"Wines, Fish",0.8262897034762164
1011,1,"Wines, Meat",0.7528987279542068
1012,1,"Meat, Wines, Gold",0.4445913468622093
1013,2,"Gold, Sweets, Meat",0.7440139462832065
1014,0,"Wines, Gold",0.8445876530580391
1015,0,"Gold, Wines",0.8366721908261376
1016,0,"Wines, Meat, Gold",0.7675360572677903
1017,1,"Wines, Meat, Fish",0.722769604672458
1018,0,"Wines, Fruits",0.8399222301189248
1019,1,No uplift product,0.3887883904918971
1020,3,"Wines, Meat, Fish",0.9023707255060456
1021,3,"Wines, Meat, Gold",0.7594531099656164
1022,1,"Meat, Gold, Fish",0.7307008701946028
1023,2,"Wines, Meat, Fruits",0.591056399021968
1024,2,"Meat, Wines, Fish",0.40101396438064524
1025,3,"Wines, Meat, Gold",0.8062320437588222
1026,1,"Gold, Fish",0.3924057932451719
1027,0,"Wines, Meat, Fruits",0.6462849763843488
1028,1,"Wines, Gold, Fish",0.7780092807036908
1029,1,"Gold, Fish, Sweets",0.4303085279421281
1030,3,Wines,0.5751543586566372
1031,2,"Wines, Gold",0.5000689175195299
1032,2,"Wines, Meat, Fruits",0.16879023836333903
1033,2,"Meat, Gold, Sweets",0.5760549087038945
1034,0,Meat,0.7771130553598106
1035,3,"Wines, Meat, Gold",0.8599522389529487
1036,0,"Sweets, Fruits",0.7416569305606907
1037,3,"Wines, Meat, Fruits",0.6282078203577971
1038,1,"Wines, Meat, Gold",0.8935021249198459
1039,0,"Wines, Fish, Sweets",0.6576545062171282
1040,3,"Fish, Gold",0.37008253437921057
1041,1,"Meat, Fish, Sweets",0.27834749168350176
1042,0,"Fish, Sweets, Fruits",0.7432974898300125
1043,0,"Wines, Meat, Fruits",0.7050419617782849
1044,2,"Meat, Fish, Gold",0.5385283642962699
1045,2,"Sweets, Fish, Fruits",0.749141449356324
1046,0,"Wines, Meat, Gold",0.5599648301536122
1047,3,"Wines, Meat, Fruits",0.7724869684597253
1048,3,"Gold, Sweets",0.19857172070841445
1049,3,"Wines, Meat, Fish",0.7933831790650205
1050,0,"Wines, Sweets",0.8335522351924194
1051,2,Fruits,0.7243603139987549
1052,1,"Wines, Meat, Gold",0.5470501883660392
1053,0,"Wines, Fish, Meat",0.6346952292047344
1054,1,"Gold, Meat, Wines",0.7649400995585809
1055,2,No uplift product,0.7155141948271255
1056,2,"Wines, Fish, Gold",0.7275965475002346
1057,3,"Wines, Meat, Gold",0.6348992188468341
1058,1,Fish,0.07939825135333578
1059,0,Fish,0.8657089551477481
1060,0,"Meat, Fish, Gold",0.7826239065462516
1061,3,"Wines, Meat, Gold",0.784346166137148
1062,1,No uplift product,0.35534440022716784
1063,1,"Wines, Meat, Gold",0.8714934584197872
1064,0,"Wines, Meat, Fish",0.7541091505701722
1065,1,Gold,0.3542699053611012
1066,0,"Wines, Fish, Fruits",0.7863439174169234
1067,1,"Wines, Gold, Meat",0.715568055526406
1068,0,"Sweets, Fruits",0.8647508469494672
1069,2,"Sweets, Fruits, Meat",0.6953353289080495
1070,3,"Wines, Meat, Gold",0.7299756415752909
1071,0,"Wines, Meat, Fruits",0.5891946684705953
1072,1,"Wines, Meat, Gold",0.7542006204817325
1073,0,"Wines, Meat, Sweets",0.74071086424707
1074,0,"Fish, Fruits, Gold",0.8022309109712926
1075,1,"Meat, Gold",0.6600989062851434
1076,0,"Wines, Meat, Fish",0.72676832359789
1077,3,"Wines, Gold, Meat",0.7351560196525639
1078,3,"Meat, Gold, Fruits",0.8350586116440378
1079,2,"Wines, Meat, Gold",0.11015056866513132
1080,2,"Gold, Fruits, Fish",0.14985840767766054
1081,0,"Wines, Meat, Gold",0.6458955392828362
1082,1,"Wines, Meat, Gold",0.9094859120884868
1083,2,"Gold, Meat, Sweets",0.614935367449282
1084,0,"Gold, Meat",0.8486023320882066
1085,2,"Wines, Meat, Gold",0.09558044906482555
1086,1,No uplift product,0.2974831414049369
1087,3,"Gold, Fruits, Meat",0.46110218692573085
1088,1,"Wines, Meat, Fruits",0.7888017739016651
1089,0,"Fish, Gold, Meat",0.7982695450727334
1090,3,"Wines, Meat, Gold",0.6073356290892875
1091,1,"Wines, Meat, Fruits",0.5918408312809297
1092,2,"Wines, Meat, Gold",-0.0031921781863999965
1093,3,Gold,0.6151162497606707
1094,0,"Wines, Gold, Sweets",0.7499861079983045
1095,0,"Meat, Fish, Gold",0.5580844852384672
1096,3,"Wines, Meat, Gold",0.7540232027811002
1097,0,"Fruits, Gold",0.87700957099601
1098,1,"Gold, Wines, Meat",0.8570708974799184
1099,2,"Fish, Meat, Sweets",0.529934341879766
1100,1,"Wines, Meat, Fish",0.835799124701855
1101,1,No uplift product,0.21604134513739157
1102,1,"Wines, Meat, Fish",0.5851502279366151
1103,2,"Meat, Gold, Sweets",0.408675809116737
1104,2,"Wines, Gold, Sweets",0.42151569523405985
1105,1,"Gold, Fish, Fruits",0.781775050713119
1106,3,Fruits,0.59103751055937
1107,1,"Wines, Gold, Meat",0.5829918283253941
1108,3,No uplift product,0.3888553558556238
1109,3,"Fish, Fruits",0.4920451543828422
1110,2,No uplift product,0.587163968344726
1111,3,"Wines, Meat, Fruits",0.7717161071025819
1112,1,"Wines, Meat, Fish",0.6304937172870662
1113,0,"Wines, Fish, Fruits",0.6596617679052883
1114,2,"Meat, Sweets, Fish",0.544733043192343
1115,3,"Wines, Meat, Gold",0.767995834859231
1116,1,"Wines, Meat, Fish",0.7127569795307364
1117,0,"Sweets, Fruits",0.5799945772745232
1118,0,"Fish, Sweets, Gold",0.7525928892574121
1119,3,No uplift product,0.29924776229715544
1120,3,"Wines, Gold, Fish",0.7918060040688878
1121,0,"Meat, Sweets, Gold",0.8181269188977274
1122,1,"Wines, Meat, Gold",0.6442899454076966
1123,3,"Fish, Sweets",0.44442603285765964
1124,2,"Wines, Meat, Gold",0.6593961338217038
1125,1,"Gold, Wines, Fruits",0.7595119026279625
1126,1,"Wines, Meat, Fish",0.7353330041152069
1127,1,"Meat, Fish, Sweets",0.5106156418604423
1128,0,"Meat, Wines, Fish",0.7231465829646967
1129,1,"Gold, Fish, Fruits",0.7278946127533823
1130,1,"Fish, Sweets",0.7575425089230754
1131,2,"Wines, Gold, Fish",0.5451777661236196
1132,3,"Fish, Sweets, Fruits",0.3601941878581531
1133,1,"Wines, Meat, Fish",0.8355355394559427
1134,0,"Meat, Sweets, Gold",0.5656363166292819
1135,2,Gold,0.6679867248297748
1136,1,"Wines, Meat, Gold",0.6336606622250955
1137,0,"Fish, Fruits",0.8349677115344577
1138,3,"Gold, Fish",0.40918554937120555
1139,3,"Wines, Meat, Gold",0.7497115727332452
1140,3,No uplift product,0.42602206519551267
1141,0,"Wines, Meat, Gold",0.6188979845133267
1142,0,"Gold, Sweets",0.7243367980478365
1143,2,"Wines, Sweets",0.666182228495298
1144,3,Meat,0.4923939846474238
1145,2,"Wines, Gold, Fish",0.5451777661236196
1146,2,"Meat, Wines, Gold",0.3824355474770922
1147,0,"Wines, Fish, Sweets",0.6742099619538613
1148,3,"Meat, Gold, Fish",0.6294568778143218
1149,2,"Meat, Wines, Gold",0.5451921931586801
1150,3,"Wines, Meat, Gold",0.4783375034107337
1151,3,"Wines, Gold",0.820174674116446
1152,0,"Meat, Wines, Fish",0.7145112179424726
1153,0,"Wines, Meat, Fruits",0.8330086441459068
1154,1,"Wines, Meat, Gold",0.6627391332191739
1155,1,"Wines, Meat, Gold",0.6250430668067308
1156,0,"Gold, Fish",0.6960006725842737
1157,3,"Fish, Sweets",0.6488594535254218
1158,1,"Wines, Meat, Fish",0.765339553880907
1159,3,"Gold, Meat, Fruits",0.5645586240662656
1160,3,"Wines, Meat, Gold",0.8237164943702293
1161,2,"Wines, Meat, Gold",0.218905020736833
1162,3,"Wines, Meat, Fish",0.7002410636873176
1163,0,Fish,0.8543347499600843
1164,2,"Wines, Meat, Gold",0.48549668727529527
1165,3,"Gold, Sweets, Fish",0.5184108174890911
1166,2,"Meat, Gold, Fish",0.5303233128123402
1167,3,"Wines, Meat",0.6374564033909077
1168,1,"Wines, Gold, Meat",0.7849979994759534
1169,1,"Wines, Meat, Gold",0.7865076308086608
1170,3,"Wines, Meat, Gold",0.8599992306508474
1171,2,"Meat, Gold, Fish",0.4897732891348403
1172,3,"Gold, Fruits, Sweets",0.5791023477600172
1173,3,"Wines, Meat, Fish",0.7090602234989106
1174,0,No uplift product,0.8588467323389348
1175,2,"Meat, Fruits, Gold",0.6629245008972865
1176,3,"Wines, Meat, Fruits",0.37530786037088837
1177,3,"Gold, Wines",0.34477321880412154
1178,3,"Wines, Fruits, Fish",0.9224356063242558
1179,2,"Meat, Sweets, Fish",0.6165428958943052
1180,3,"Wines, Meat",0.4151535228837382
1181,2,"Gold, Meat, Sweets",0.266579372704971
1182,0,"Meat, Fish, Fruits",0.6918576779076678
1183,0,"Meat, Wines, Gold",0.43767494380702915
1184,3,Wines,0.7232233208306966
1185,2,"Wines, Meat",0.6458468110337254
1186,3,"Fish, Gold, Fruits",0.6256950886332134
1187,1,"Wines, Meat, Fish",0.8227548207861688
1188,0,"Wines, Gold, Sweets",0.6970376054465295
1189,2,"Meat, Gold, Fish",0.5496296811515842
1190,0,"Fish, Gold",0.8200215250611829
1191,1,"Wines, Meat, Gold",0.6668588996942781
1192,3,"Wines, Meat, Fish",0.814172852064846
1193,3,"Meat, Fish, Wines",0.6734288824456421
1194,3,"Meat, Fish, Fruits",0.45058295003833365
1195,2,"Wines, Meat, Gold",0.3259258885933405
1196,2,Sweets,0.6485822939937247
1197,0,"Fish, Sweets, Gold",0.7942156050426409
1198,3,Fish,0.6510952484453085
1199,3,"Wines, Fish",0.7300607508517755
1200,2,"Wines, Meat, Gold",0.24046973583124936
1201,3,"Meat, Gold, Fish",0.7671741047730737
1202,0,"Fruits, Sweets, Gold",0.7778596759318928
1203,1,"Fish, Fruits, Sweets",0.46719632477544376
1204,1,"Wines, Meat, Fish",0.6843845541037554
1205,1,"Wines, Meat, Gold",0.870453846204027
1206,0,"Meat, Wines, Fish",0.6710983810249611
1207,3,"Wines, Meat, Fish",0.8274206801671173
1208,3,"Wines, Meat, Gold",0.790893606548683
1209,2,"Gold, Sweets, Fruits",0.5908983290253503
1210,0,"Meat, Fish, Sweets",0.4458607668638384
1211,1,"Wines, Meat, Fish",0.7694363830933264
1212,3,"Meat, Fish, Fruits",0.3414138373637318
1213,3,"Wines, Meat, Gold",0.9240441104242896
1214,3,"Gold, Sweets",0.6752482808954725
1215,1,"Gold, Meat, Wines",0.7979482176204697
1216,1,"Meat, Wines, Gold",0.4061866745467511
1217,1,"Wines, Gold, Fish",0.8474942043392251
1218,1,"Wines, Meat, Fish",0.8129830906193294
1219,2,"Wines, Gold, Fruits",0.25072678504404877
1220,3,"Meat, Gold, Fish",0.5557372735368259
1221,0,"Fruits, Meat, Sweets",0.814913182809614
1222,1,"Wines, Gold, Meat",0.8628919305328675
1223,3,"Gold, Fish, Sweets",0.7740434470423437
1224,1,"Wines, Meat, Gold",0.7920320484361243
1225,3,"Wines, Meat, Gold",0.8315468706995004
1226,0,"Meat, Wines, Fish",0.5199377224443835
1227,0,"Wines, Meat, Sweets",0.5470158512606906
1228,1,No uplift product,0.4830373022407665
1229,1,"Wines, Meat, Gold",0.41069996820074384
1230,1,"Wines, Meat, Fish",0.6986514981007648
1231,3,"Wines, Meat, Gold",0.8374763270364032
1232,1,"Wines, Meat, Gold",0.8655747327931627
1233,2,"Gold, Meat, Sweets",0.5881552544333923
1234,0,"Fish, Sweets, Fruits",0.7732010244539314
1235,2,"Gold, Fish, Fruits",0.7633694733991951
1236,2,Gold,0.7279224487876598
1237,2,"Wines, Fish, Fruits",0.31902193601899653
1238,2,"Meat, Fish, Sweets",0.5331891973135181
1239,3,"Fruits, Fish",0.5760377829102666
1240,2,"Wines, Meat, Sweets",0.4040096409795788
1241,2,"Wines, Meat, Gold",0.30367650089035597
1242,3,"Wines, Meat, Gold",0.8455731450247047
1243,0,Fruits,0.8493643902051462
1244,3,"Wines, Meat, Fruits",0.7724869684597253
1245,0,"Fish, Fruits, Sweets",0.7363880103757432
1246,0,"Meat, Gold, Fruits",0.837302233605901
1247,3,"Wines, Meat, Gold",0.9226908852332251
1248,3,"Wines, Meat, Fish",0.7291449252962414
1249,0,"Gold, Meat",0.8486023320882066
1250,2,"Wines, Fish, Meat",0.6143779267932621
1251,1,"Meat, Wines, Fish",0.7160714667682889
1252,3,"Gold, Fish, Fruits",0.5599981735039804
1253,0,"Fish, Sweets, Fruits",0.7261953071191835
1254,0,"Meat, Sweets, Fish",0.47345200431863826
1255,2,"Wines, Gold, Fruits",0.4857055232724653
1256,1,Fish,0.5302121568919143
1257,2,"Meat, Wines, Fish",0.5548920618784007
1258,1,"Wines, Gold, Fruits",0.7173975364459471
1259,2,"Meat, Fish, Sweets",0.6616258682857817
1260,1,"Wines, Meat, Gold",0.7934899712370342
1261,3,"Wines, Gold, Fruits",0.8395802624399624
1262,0,"Meat, Fruits, Fish",0.6784148592810324
1263,3,"Sweets, Fish",0.4239421874078611
1264,0,Sweets,0.7737183404672474
1265,0,"Meat, Fruits",0.6458376132399593
1266,3,"Wines, Gold, Meat",0.8298693455993162
1267,1,No uplift product,0.03706104719862412
1268,1,Wines,0.06142612432914981
1269,1,"Wines, Gold, Fish",0.8216519093397404
1270,2,"Meat, Gold, Wines",0.36540116153627
1271,3,"Wines, Meat, Fruits",0.7478453682364523
1272,0,Sweets,0.849715083390009
1273,0,"Wines, Meat, Fish",0.5925477802812251
1274,1,"Wines, Meat, Gold",0.6093386222307047
1275,1,"Wines, Meat, Gold",0.8364097255634164
1276,1,"Gold, Wines, Fish",0.627426773909572
1277,3,"Wines, Meat, Gold",0.7388881644625958
1278,3,"Wines, Meat, Gold",0.7671325239399749
1279,3,"Wines, Fruits",0.47259452077166264
1280,1,"Wines, Meat, Gold",0.8073145554031409
1281,2,"Meat, Fruits, Sweets",0.8129818257787644
1282,0,Wines,0.7907083387280298
1283,3,"Wines, Meat, Sweets",0.6289200794032582
1284,3,"Wines, Meat, Gold",0.17910177693775017
1285,0,"Fruits, Sweets",0.82920457746834
1286,1,"Wines, Meat, Gold",0.6503275483400542
1287,3,Fish,0.5970190554123611
1288,0,"Meat, Wines, Gold",0.7972624681975186
1289,2,"Sweets, Fish, Fruits",0.7669385862946247
1290,3,No uplift product,0.5798464408337954
1291,0,"Meat, Gold, Fish",0.7289596311330941
1292,0,"Meat, Fish, Sweets",0.4545103048546902
1293,2,"Meat, Sweets",0.8389726613509143
1294,2,"Wines, Gold, Fish",0.4382243388851447
1295,0,"Sweets, Wines, Fruits",0.7375292560481038
1296,3,Gold,0.5453371691195473
1297,2,"Wines, Gold, Fish",0.39341583644439404
1298,1,Gold,0.33542702085913956
1299,3,"Wines, Meat, Gold",0.7912864734524443
1300,2,"Wines, Meat, Sweets",0.34320304639871657
1301,3,"Wines, Gold, Meat",0.7890842244976293
1302,3,"Wines, Meat, Sweets",0.9003608872864338
1303,1,"Meat, Wines, Fish",0.7370824374132119
1304,0,Fish,0.8610403340239138
1305,2,"Wines, Meat, Fruits",0.3653063337457243
1306,2,Wines,0.5796660595771219
1307,1,"Sweets, Fish",0.26967314227491096
1308,1,"Wines, Gold, Meat",0.7144839752182345
1309,2,"Fruits, Fish, Sweets",0.7700228241957336
1310,1,"Wines, Gold, Fish",0.6313793635227576
1311,1,"Sweets, Fish, Fruits",0.7644074172930287
1312,1,"Fish, Sweets",0.4333493319706319
1313,0,"Wines, Fruits",0.7162619702692058
1314,1,"Wines, Meat, Fish",0.7265796079459255
1315,3,"Wines, Gold",0.5308747917176072
1316,2,No uplift product,0.6289229192986024
1317,0,Meat,0.812469223427485
1318,2,"Wines, Fish, Fruits",0.19741516447755547
1319,3,Wines,0.31981768176829456
1320,0,"Wines, Meat, Gold",0.8155902745088601
1321,1,"Fish, Fruits, Gold",0.5941147974288663
1322,1,"Wines, Meat, Gold",0.41289460176850695
1323,1,No uplift product,0.526345422409894
1324,3,"Meat, Fruits, Fish",0.45530001756197896
1325,2,"Wines, Meat, Fish",0.30939403922071473
1326,2,"Meat, Fish, Gold",0.5385283642962699
1327,1,"Meat, Fruits, Wines",0.6543691450883385
1328,1,"Wines, Meat, Gold",0.8297972492603548
1329,1,"Wines, Meat",0.7205179210973707
1330,3,"Wines, Meat, Gold",0.5651640651170942
1331,1,Gold,0.1455627191018672
1332,2,"Meat, Fish, Gold",0.6278752615971466
1333,0,"Meat, Sweets, Gold",0.8181269188977274
1334,0,"Fish, Gold, Sweets",0.7722984643777389
1335,0,"Wines, Fruits, Meat",0.715778021086817
1336,1,"Wines, Meat, Gold",0.8218636462520749
1337,3,"Gold, Wines",0.430968396602323
1338,0,"Fruits, Sweets, Meat",0.7846125189684379
1339,2,"Wines, Gold, Sweets",0.46392047318155566
1340,1,"Wines, Fish",0.7795649133967214
1341,0,"Wines, Meat, Fruits",0.5767342189123099
1342,0,"Gold, Wines, Sweets",0.8327856498462404
1343,3,"Wines, Gold, Fruits",0.8126050963011999
1344,2,"Wines, Meat, Sweets",0.568070325345466
1345,1,"Wines, Meat, Fruits",0.7689342600719514
1346,2,"Wines, Fish, Sweets",0.360536400007796
1347,0,"Meat, Wines, Gold",0.561216855578895
1348,2,"Meat, Gold, Fish",0.17804982786333534
1349,2,Fruits,0.4134611512919834
1350,2,"Wines, Meat, Gold",0.15323194663368495
1351,1,"Wines, Meat, Gold",0.7547598516995098
1352,1,"Gold, Meat",0.6668305739694942
1353,3,Sweets,0.3598350239586854
1354,3,No uplift product,0.2695841915455682
1355,3,"Wines, Gold, Meat",0.7966096896934478
1356,3,"Wines, Meat, Gold",0.7966939516832368
1357,2,"Meat, Wines, Gold",0.354577033289808
1358,2,"Fish, Sweets, Fruits",0.831137479739114
1359,2,"Wines, Meat, Gold",0.28624371330647014
1360,3,"Gold, Fruits, Fish",0.6500167745676791
1361,1,"Wines, Meat, Fish",0.7808489725505201
1362,3,"Meat, Fish, Fruits",0.491126285054763
1363,3,Fish,0.3740259584087685
1364,3,Wines,0.7662599438260284
1365,1,"Wines, Gold, Meat",0.7902273824875041
1366,0,"Sweets, Fish, Fruits",0.7729901818587712
1367,3,"Wines, Meat, Gold",0.784346166137148
1368,3,"Wines, Gold, Meat",0.7819917364397849
1369,0,Meat,0.855659123910372
1370,3,Fruits,0.6324852093166823
1371,1,"Wines, Fish, Sweets",0.7209332681308915
1372,1,"Gold, Meat, Fish",0.7978554180085846
1373,3,"Wines, Meat, Fruits",0.6040307022914368
1374,1,"Wines, Meat, Gold",0.761926009826083
1375,2,"Meat, Gold, Sweets",0.5921763362093522
1376,3,"Wines, Meat, Gold",0.7365233502457086
1377,1,"Gold, Wines, Meat",0.7847135887004162
1378,2,"Meat, Sweets, Fish",0.6165428958943052
1379,3,Sweets,0.4356764471198823
1380,3,"Fish, Fruits",0.6435018553418709
1381,2,"Meat, Fish, Sweets",0.5080305494088938
1382,3,"Fruits, Sweets, Fish",0.5526243480487197
1383,2,"Wines, Meat, Sweets",0.22197379515330387
1384,2,"Gold, Meat, Fruits",0.37015312574460724
1385,3,"Meat, Sweets, Fish",0.7732517962261243
1386,3,"Sweets, Gold",0.49096576748290677
1387,2,"Wines, Gold, Sweets",0.5456344336802063
1388,2,"Wines, Meat, Gold",0.4001575720786744
1389,3,"Meat, Fish, Sweets",0.669958622451226
1390,2,"Wines, Gold, Fruits",0.5097536350964715
1391,2,"Sweets, Fruits",0.34884339428409383
1392,3,"Wines, Meat, Gold",0.8779011689699833
1393,0,"Wines, Gold, Sweets",0.7714167003250804
1394,1,Fish,0.6615676283428971
1395,2,"Wines, Meat, Sweets",0.06332175736032455
1396,1,"Wines, Meat, Fish",0.5851502279366151
1397,1,No uplift product,0.10655563956603524
1398,3,"Wines, Meat, Fruits",0.8468364617204124
1399,3,"Wines, Gold, Meat",0.8360799008084371
1400,3,"Wines, Meat, Gold",0.8323980786522678
1401,0,"Meat, Wines, Sweets",0.5840507569370271
1402,2,"Fish, Sweets, Fruits",0.6715978107467526
1403,3,"Wines, Meat, Gold",0.6422078862441134
1404,1,"Wines, Meat, Fruits",0.5916068562787087
1405,1,"Wines, Gold",0.7691741919330102
1406,1,"Meat, Wines, Gold",0.8914254360515986
1407,1,"Wines, Meat, Gold",0.8581781861979761
1408,3,"Wines, Meat, Gold",0.7329520656702151
1409,0,"Wines, Meat, Sweets",0.38620801647223824
1410,1,"Wines, Meat, Gold",0.8935021249198459
1411,1,"Wines, Meat, Gold",0.7616163034919397
1412,0,"Meat, Fruits, Gold",0.732334527375978
1413,3,"Wines, Meat, Gold",0.7860280151035297
1414,3,"Gold, Fish",0.48253519473906636
1415,3,"Wines, Meat, Sweets",0.7600216459514054
1416,3,"Fish, Fruits",0.6435018553418709
1417,1,"Wines, Meat, Gold",0.6793486950096038
1418,1,"Wines, Meat, Fish",0.3072397768427747
1419,1,"Wines, Sweets",0.7528527224819779
1420,3,"Wines, Meat, Gold",0.895772799727099
1421,3,"Wines, Meat, Gold",0.8625943353969239
1422,1,"Wines, Fruits, Fish",0.7514120399384139
1423,0,"Fruits, Sweets",0.7920784369858204
1424,0,No uplift product,0.8296783960551256
1425,0,"Wines, Meat, Gold",0.3905767662221208
1426,0,"Wines, Gold, Fruits",0.7153737691113797
1427,2,"Meat, Sweets, Fish",0.6396538417271006
1428,0,"Meat, Fish, Wines",0.8494333799091431
1429,2,"Wines, Gold, Sweets",0.2355743880213274
1430,1,No uplift product,0.615024867941369
1431,0,"Wines, Gold, Sweets",0.7663005964501128
1432,0,"Fish, Gold, Sweets",0.8173337692424989
1433,1,"Gold, Fish, Meat",0.7838077393546716
1434,1,No uplift product,0.13059491632815545
1435,0,"Wines, Meat, Gold",0.7675360572677903
1436,1,"Fish, Sweets, Fruits",0.36880266711540216
1437,3,"Wines, Meat",0.8419595258549354
1438,0,"Gold, Fish",0.8902578389633916
1439,0,"Wines, Meat, Gold",0.45431523808736196
1440,2,"Meat, Gold, Fish",0.37648847504153177
1441,2,"Wines, Gold, Sweets",0.5246890688930674
1442,3,"Wines, Meat, Gold",0.8836993627826386
1443,1,"Wines, Meat, Gold",0.767224114628303
1444,1,"Meat, Gold, Fish",0.8543905945885951
1445,2,"Wines, Meat, Fruits",0.351224916102409
1446,2,"Meat, Wines, Fish",0.6165791938551844
1447,0,"Meat, Sweets, Fruits",0.7713344403144627
1448,3,"Wines, Meat, Gold",0.8311011367809171
1449,2,Gold,0.7937302226493501
1450,3,"Wines, Meat, Fruits",0.7976904330608517
1451,1,Sweets,0.7108018800361525
1452,1,"Meat, Gold, Fish",0.5206519269601961
1453,2,"Wines, Sweets, Fruits",0.5110489894307201
1454,2,"Wines, Sweets, Fish",0.6278626055385804
1455,3,"Wines, Meat, Gold",0.5897423751900669
1456,0,"Sweets, Wines, Fruits",0.7375292560481038
1457,3,"Meat, Wines, Gold",0.5702989859166436
1458,1,"Fruits, Fish",0.4499469969768746
1459,2,"Meat, Fish, Gold",0.5818872179443031
1460,2,"Wines, Sweets",0.5482649257595257
1461,2,"Meat, Fish, Sweets",0.7057812390579764
1462,1,"Wines, Meat, Gold",0.8261185109670213
1463,1,"Wines, Meat, Fruits",0.8786577689902701
1464,2,"Wines, Gold",0.368416823560844
1465,2,"Gold, Meat, Fruits",0.5470463878488007
1466,0,"Fish, Sweets, Gold",0.7189551917908783
1467,3,"Gold, Fish, Fruits",0.6503816211294604
1468,2,"Meat, Sweets",0.7704485294329947
1469,3,Sweets,0.3198026400680745
1470,2,"Wines, Gold",0.5333541005649847
1471,3,"Fruits, Fish, Sweets",0.6198288104706079
1472,0,Gold,0.8358709696991156
1473,2,"Wines, Gold, Fish",0.29157853487234736
1474,1,"Wines, Fish, Fruits",0.7460218596019328
1475,0,"Wines, Meat, Gold",0.7496164781240756
1476,1,"Gold, Meat, Fish",0.8369312289417344
1477,2,"Meat, Gold, Fish",0.5946269183634281
1478,2,Gold,0.7439115811519826
1479,0,"Meat, Fish, Fruits",0.7345979538807382
1480,3,No uplift product,0.4830273331106381
1481,1,"Wines, Meat, Gold",0.7616163034919397
1482,2,"Wines, Meat, Fish",0.17559692527912069
1483,2,"Meat, Fish, Sweets",0.5621352602192724
1484,0,"Meat, Fish, Sweets",0.4909482327523624
1485,0,"Meat, Fish, Sweets",0.5281016112624739
1486,2,"Wines, Meat, Fruits",0.5114005504226463
1487,2,"Wines, Gold",0.5123558492801483
1488,0,"Meat, Wines, Gold",0.696117934367604
1489,2,"Fish, Fruits, Meat",0.7541529930252114
1490,0,"Wines, Meat, Fish",0.7550104077294505
1491,3,"Wines, Fish, Fruits",0.6136769148153673
1492,2,No uplift product,0.7412639678871237
1493,0,"Wines, Fish, Fruits",0.7469033116400133
1494,1,"Wines, Meat, Fish",0.6264279182901765
1495,1,Fish,0.4564463515817667
1496,2,"Meat, Fish, Fruits",0.7478306388706052
1497,1,"Meat, Gold, Wines",0.7296779912238881
1498,1,"Fish, Fruits, Sweets",0.8527107736277076
1499,1,"Wines, Sweets",0.7043941725562549
1500,0,"Fish, Gold",0.7995567702136833
1501,0,Wines,0.8065570269825975
1502,1,"Gold, Meat, Sweets",0.7403095209430489
1503,1,"Wines, Gold, Fish",0.7680473737796665
1504,1,"Wines, Meat, Gold",0.8058280707266721
1505,2,"Gold, Wines, Fish",0.5331188945343631
1506,0,"Wines, Meat, Gold",0.782445869124444
1507,3,"Wines, Meat, Sweets",0.8218622556155347
1508,0,"Fish, Gold, Fruits",0.7371821851001573
1509,3,"Wines, Meat, Sweets",0.6253874180083554
1510,2,"Fish, Gold, Sweets",0.6436676900544639
1511,3,"Sweets, Fish, Gold",0.6906649943556025
1512,2,"Gold, Meat, Fish",0.5704048548846461
1513,3,"Wines, Fish, Fruits",0.6136769148153673
1514,1,"Wines, Meat, Fish",0.664006101673729
1515,1,Gold,0.4980524271622503
1516,1,"Wines, Meat, Gold",0.8263913223471514
1517,0,"Wines, Sweets, Meat",0.7887340977663841
1518,2,"Meat, Gold, Fish",0.5023048186024328
1519,2,"Wines, Sweets",0.4412628355264821
1520,1,"Gold, Fish, Sweets",0.7270800075447833
1521,2,"Wines, Gold, Fish",0.7123223278542893
1522,0,"Wines, Fruits, Gold",0.7543091373193354
1523,3,"Wines, Meat, Gold",0.8302515433778006
1524,2,"Meat, Gold, Fish",0.5631736169342958
1525,1,"Fish, Meat, Gold",0.8200557616600088
1526,1,"Wines, Meat, Sweets",0.6070413310826058
1527,1,"Sweets, Fruits",0.4971760660363647
1528,2,"Wines, Gold, Meat",0.5710026488641684
1529,3,"Wines, Meat, Gold",0.7845418503988544
1530,3,"Wines, Gold, Fruits",0.3561089619586314
1531,0,"Wines, Meat, Fish",0.6227053764582062
1532,2,"Wines, Gold, Fish",0.3910976275493475
1533,0,"Wines, Meat, Fruits",0.6462849763843488
1534,2,"Gold, Fish",0.7920509243896773
1535,3,"Wines, Meat, Gold",0.9005843147245658
1536,3,"Fruits, Sweets, Fish",0.6804111355956363
1537,1,"Wines, Meat, Gold",0.8397218408408897
1538,3,"Wines, Meat",0.7673559909165567
1539,2,Meat,0.6495761924486977
1540,1,"Wines, Sweets",0.7528527224819779
1541,3,"Fish, Fruits, Meat",0.5617357284135889
1542,1,"Wines, Meat, Gold",0.8168793959225119
1543,0,"Wines, Meat, Gold",0.5023188421847066
1544,1,"Gold, Fish, Sweets",0.7279415298348435
1545,2,"Wines, Meat, Gold",0.21750873816647837
1546,2,"Gold, Fish, Sweets",0.5777605435949373
1547,2,"Wines, Gold, Fruits",0.4397823821354517
1548,2,"Meat, Wines, Fish",0.5166238138496366
1549,2,"Fish, Fruits, Sweets",0.5867956221602971
1550,0,"Meat, Fruits, Fish",0.724996029574534
1551,3,"Wines, Meat, Gold",0.8062320437588222
1552,0,Fish,0.8543347499600843
1553,1,"Wines, Gold, Sweets",0.8933640882931974
1554,2,"Wines, Meat, Fish",0.17559692527912069
1555,3,"Meat, Fish, Fruits",0.5450738457529996
1556,3,"Wines, Fruits",0.5738460695924927
1557,0,"Gold, Fruits, Fish",0.6757070778506559
1558,1,"Fish, Fruits, Wines",0.621538482419347
1559,2,"Wines, Gold, Meat",0.2752649774191912
1560,3,"Wines, Meat, Gold",0.8713031901071282
1561,0,"Wines, Fish, Gold",0.7011270023940936
1562,0,"Wines, Gold, Fish",0.7107018425753698
1563,3,"Wines, Meat, Gold",0.6240375971572031
1564,0,"Wines, Fish, Fruits",0.703478661935679
1565,3,"Wines, Meat, Fruits",0.7724869684597253
1566,3,"Wines, Gold",0.7617030541662576
1567,0,"Wines, Meat, Fish",0.43540368585453665
1568,1,"Gold, Sweets, Fish",0.4881946626402758
1569,0,"Sweets, Fish, Gold",0.7922071038096676
1570,3,"Gold, Fruits, Sweets",0.5791023477600172
1571,0,"Wines, Meat, Gold",0.6690814211726983
1572,1,"Wines, Meat, Fish",0.7767199300129575
1573,3,Gold,0.5453371691195473
1574,1,"Meat, Gold, Fish",0.3519715631063577
1575,2,"Wines, Meat, Fish",0.34050983087497316
1576,3,"Wines, Meat, Gold",0.8354749665627678
1577,1,Fish,0.5617578369204305
1578,2,Gold,0.2939085076957254
1579,1,"Meat, Wines, Gold",0.6576417727159001
1580,2,"Wines, Meat, Fruits",0.5135196412813458
1581,0,No uplift product,0.8633461265513112
1582,0,"Meat, Fish, Sweets",0.6967020770284528
1583,3,"Wines, Meat, Gold",0.9110404437879039
1584,3,"Wines, Gold, Meat",0.8962944982295517
1585,3,"Wines, Meat, Gold",0.8925305603026021
1586,2,"Fish, Gold, Fruits",0.6150777734396098
1587,2,"Wines, Gold, Fish",0.1516002928390939
1588,3,"Meat, Gold, Fish",0.3833751252778258
1589,3,"Gold, Sweets",0.19857172070841445
1590,0,"Wines, Fruits, Gold",0.7469116394451872
1591,1,"Wines, Meat, Gold",0.6750317450830504
1592,0,"Fish, Sweets",0.7104196900451605
1593,1,"Gold, Fruits",0.5716043259326673
1594,3,"Wines, Meat, Gold",0.8548829415931001
1595,2,Wines,0.23649696332004536
1596,1,"Wines, Meat, Gold",0.8715495133003863
1597,1,Gold,0.3617738052470501
1598,3,"Gold, Wines",0.430968396602323
1599,2,"Meat, Fruits, Fish",0.7581874737641184
1600,3,"Meat, Gold, Fish",0.6735481861409449
1601,1,"Wines, Fish, Meat",0.7446815466134178
1602,0,"Wines, Gold, Meat",0.73431295277739
1603,2,"Wines, Meat, Fish",0.4987661938125991
1604,3,Meat,0.7686469706408761
1605,3,"Meat, Gold, Fish",0.54114813911476
1606,2,"Gold, Meat",0.4867239069101787
1607,0,"Wines, Meat, Fish",0.5235333339290533
1608,1,"Wines, Gold, Fish",0.7463112740927114
1609,1,"Wines, Fish, Gold",0.7583622469155067
1610,2,"Wines, Fish, Gold",0.6089921175096585
1611,3,"Fruits, Sweets, Fish",0.5447103910961844
1612,3,"Meat, Gold, Fish",0.9057820350158841
1613,1,"Wines, Meat, Gold",0.8884417633573015
1614,3,No uplift product,0.5825672526521268
1615,2,"Meat, Fish, Gold",0.6476403336013045
1616,2,"Meat, Wines, Fruits",0.4826536843760988
1617,0,"Wines, Meat, Sweets",0.7435937176019866
1618,3,"Wines, Meat, Gold",0.8519105375287451
1619,1,"Wines, Meat, Gold",0.837192199327987
1620,3,"Wines, Meat, Gold",0.8984499879986672
1621,2,"Meat, Fish, Fruits",0.593608528162918
1622,2,"Wines, Fish, Sweets",0.5278220354046984
1623,1,"Wines, Meat, Gold",0.7271048595431445
1624,2,"Wines, Meat, Sweets",0.0718799306543402
1625,1,"Wines, Meat, Gold",0.5098634560252711
1626,3,"Sweets, Fish",0.416117141048648
1627,0,"Meat, Wines, Fish",0.6002768943551613
1628,0,"Wines, Fish, Sweets",0.6868463281669732
1629,3,"Wines, Sweets, Fruits",0.7313753271771525
1630,1,"Wines, Meat, Fruits",0.6567445747744599
1631,0,"Meat, Fish, Gold",0.7119439208778052
1632,3,"Wines, Meat, Sweets",0.6346817434324113
1633,0,"Wines, Fish, Gold",0.5321101875417126
1634,1,"Meat, Wines, Gold",0.4453467715695621
1635,1,"Gold, Fish, Sweets",0.8138635166124711
1636,3,"Fish, Sweets",0.4666029634420334
1637,2,"Meat, Gold, Fruits",0.4876148511500924
1638,2,"Wines, Meat, Sweets",0.5331358092662516
1639,0,"Gold, Fruits, Sweets",0.8247394127568123
1640,2,"Wines, Meat, Sweets",0.4300784902061275
1641,3,"Wines, Sweets",0.5662800723891296
1642,2,"Fish, Sweets, Fruits",0.4560096800757312
1643,3,"Wines, Meat, Sweets",0.8102307604712826
1644,1,"Gold, Meat, Sweets",0.618208763252995
1645,1,"Wines, Gold, Meat",0.7461334726442812
1646,2,"Meat, Gold, Fish",0.575656549709955
1647,3,"Wines, Meat, Gold",0.8442283130568852
1648,2,"Gold, Fish, Sweets",0.4344763711993349
1649,2,Gold,0.7279224487876598
1650,1,"Gold, Fish, Sweets",0.5208872000413844
1651,0,"Wines, Fish, Gold",0.7791536608585681
1652,0,"Fish, Gold, Sweets",0.7568537778094167
1653,0,"Wines, Meat, Fruits",0.7271302471352135
1654,2,No uplift product,0.8031049706720146
1655,1,"Wines, Gold, Meat",0.5701347439701366
1656,1,Gold,0.638107867381057
1657,1,"Wines, Meat, Gold",0.8241168784975336
1658,1,"Fish, Sweets, Fruits",0.4185769640863943
1659,1,"Gold, Wines, Fruits",0.8177151317150155
1660,0,Fish,0.8859860413330325
1661,3,"Wines, Meat",0.8410283916429268
1662,3,"Wines, Meat, Gold",0.8425575237198654
1663,1,"Wines, Meat, Gold",0.7528372563927688
1664,3,"Fish, Sweets",0.483876012952276
1665,3,"Wines, Meat, Gold",0.8197416614390121
1666,0,"Fish, Fruits",0.789127470651326
1667,2,"Meat, Sweets, Fish",0.6963728588926906
1668,2,"Wines, Fruits",0.6837504868999076
1669,0,"Meat, Wines, Sweets",0.828908277992578
1670,2,"Meat, Fish, Sweets",0.549047229600339
1671,0,"Meat, Sweets, Fish",0.7782665412831427
1672,1,"Wines, Meat, Gold",0.9059216070582591
1673,1,"Wines, Meat, Gold",0.7581148956380096
1674,1,"Wines, Meat, Gold",0.6914922640503035
1675,2,"Wines, Gold, Sweets",0.3177419368782717
1676,3,"Wines, Meat, Gold",0.7116241634135774
1677,0,"Meat, Wines, Fish",0.5397429166244341
1678,3,"Wines, Meat, Gold",0.6879498043846588
1679,2,No uplift product,0.5893283388918577
1680,2,"Wines, Fish",0.7038803534185674
1681,3,"Wines, Meat, Gold",0.9240441104242896
1682,1,"Wines, Gold, Meat",0.8093304116187943
1683,2,"Meat, Gold, Fish",0.4940857292405002
1684,1,"Wines, Meat, Fish",0.6368787720509953
1685,1,"Gold, Fish, Sweets",0.7413642467910448
1686,2,"Gold, Fish, Fruits",0.7443187041487651
1687,3,Sweets,0.3954271643212125
1688,2,"Wines, Meat, Fruits",0.13004294968227592
1689,3,"Gold, Fish",0.3896388035789023
1690,0,"Sweets, Fish, Fruits",0.8249823866424562
1691,2,"Fish, Gold",0.6371855889223789
1692,3,"Wines, Meat, Gold",0.5209809354339325
1693,0,"Wines, Gold, Sweets",0.7930901512319293
1694,1,"Wines, Meat",0.7350859925063162
1695,2,"Wines, Meat, Fruits",0.16879023836333903
1696,2,"Gold, Fruits, Wines",0.4770990611225445
1697,3,"Wines, Meat, Gold",0.85624256932536
1698,3,Wines,0.8070864041558788
1699,2,"Wines, Fish",0.7260367760543855
1700,1,"Wines, Meat, Gold",0.8387335866283545
1701,0,"Fish, Gold, Sweets",0.7749713333953466
1702,0,No uplift product,0.8762372911152259
1703,0,"Fish, Fruits",0.8665573333569937
1704,1,"Sweets, Fruits, Gold",0.5348040441581804
1705,1,"Wines, Gold, Sweets",0.7680530340661819
1706,3,"Gold, Fish, Sweets",0.7001700103401339
1707,1,"Wines, Meat, Fish",0.5173923339142552
1708,2,"Wines, Gold, Fish",0.7123223278542893
1709,2,Fruits,0.616315844100614
1710,3,"Wines, Meat, Gold",0.9305458838074611
1711,1,"Wines, Meat, Fruits",0.5916068562787087
1712,3,"Wines, Meat, Fish",0.7316744448361591
1713,0,Wines,0.8579265944801402
1714,2,"Wines, Meat, Gold",0.28110454172538535
1715,2,"Gold, Fruits, Sweets",0.5631342750390512
1716,2,"Wines, Gold, Fish",0.28555186298605445
1717,0,"Fish, Wines, Gold",0.7704239758935838
1718,3,"Gold, Sweets",0.44863944454462
1719,1,"Gold, Meat, Wines",0.8074100195014007
1720,3,"Meat, Fish, Fruits",0.5373811772245927
1721,1,"Fruits, Fish",0.3770284711075765
1722,1,Fish,0.3473545855690189
1723,0,"Wines, Fruits, Sweets",0.6876459883373991
1724,2,"Meat, Gold, Fish",0.4971844961614642
1725,0,"Wines, Fish",0.7935006859933424
1726,1,"Wines, Meat, Gold",0.5010291943495165
1727,0,"Meat, Fish, Sweets",0.6428853036356205
1728,2,"Wines, Fruits",0.5962580652655698
1729,0,"Gold, Sweets, Meat",0.7702845395148509
1730,2,"Meat, Gold, Fish",0.656120578231648
1731,2,"Wines, Meat, Fruits",0.35958114333140395
1732,1,"Wines, Meat, Gold",0.7369261359808237
1733,2,"Wines, Meat, Fish",0.4035985650593052
1734,3,"Wines, Meat, Gold",0.7516413364563023
1735,3,"Wines, Meat, Gold",0.6100380830902957
1736,3,"Wines, Meat, Fish",0.8972021561457818
1737,1,"Fish, Fruits, Gold",0.7067510715325181
1738,3,"Wines, Meat, Gold",0.8902099608835976
1739,2,"Wines, Fish, Gold",0.2475523485747041
1740,2,"Wines, Meat, Gold",0.42500189221333845
1741,1,"Wines, Meat, Sweets",0.8133865984891046
1742,2,"Wines, Meat, Fruits",0.22035690701579316
1743,2,"Gold, Fruits, Meat",0.6791183004133907
1744,1,"Wines, Meat, Gold",0.7541185091464587
1745,2,"Wines, Gold, Sweets",0.7854042178881462
1746,1,"Meat, Wines, Gold",0.7681119395562551
1747,0,"Wines, Meat, Gold",0.8155902745088601
1748,1,"Wines, Meat, Gold",0.5203050642623225
1749,3,"Meat, Fish, Sweets",0.549200088083683
1750,1,"Gold, Fruits, Fish",0.7548525231685688
1751,1,Fish,0.2643768987689793
1752,0,"Wines, Fish, Sweets",0.6576545062171282
1753,0,"Wines, Gold, Sweets",0.8311390072948744
1754,3,"Wines, Meat, Gold",0.6743221162977344
1755,3,"Gold, Fish, Sweets",0.7001700103401339
1756,1,"Fish, Fruits, Sweets",0.6558499754142119
1757,1,"Fish, Fruits, Gold",0.5251651208384934
1758,1,"Fish, Meat, Sweets",0.8061815581553695
1759,0,"Wines, Meat, Gold",0.5105491587590842
1760,1,"Wines, Meat, Gold",0.769602937634596
1761,3,"Meat, Fish, Fruits",0.7528849672194884
1762,0,"Meat, Fish, Gold",0.6274903699044738
1763,2,"Gold, Fruits, Meat",0.632814888343484
1764,3,"Sweets, Gold",0.6486290494266166
1765,3,"Fish, Fruits",0.608636403622774
1766,2,"Wines, Meat, Fruits",0.49971452531714283
1767,1,"Fruits, Sweets",0.79615983842238
1768,2,"Meat, Fruits",0.48024973620788125
1769,2,"Wines, Fish, Sweets",0.5226817973466039
1770,3,"Wines, Meat",0.844059341832238
1771,3,"Wines, Meat, Gold",0.7671325239399749
1772,0,"Meat, Fruits, Sweets",0.7679731302179544
1773,1,"Gold, Meat, Sweets",0.7403095209430489
1774,3,"Fruits, Sweets",0.7736857311103014
1775,3,"Wines, Meat, Fish",0.9079427654859722
1776,2,"Wines, Meat, Fish",0.1289183604944626
1777,1,"Gold, Fish, Wines",0.7624424755349227
1778,2,"Meat, Gold, Fish",0.4172678207823024
1779,2,"Wines, Meat, Sweets",0.0718799306543402
1780,2,Wines,0.5069078313419602
1781,2,"Gold, Fruits",0.6561462790613756
1782,3,"Meat, Fish, Fruits",0.7991478478864855
1783,2,"Wines, Meat, Fish",0.34754146958516813
1784,3,"Wines, Meat, Fish",0.8757098755231374
1785,2,"Fish, Fruits, Meat",0.7541529930252114
1786,2,"Wines, Meat, Fish",0.3536054242571385
1787,3,"Wines, Meat, Gold",0.7262198344618702
1788,0,"Wines, Gold, Sweets",0.7401876552688625
1789,0,"Gold, Fruits, Fish",0.836838189012957
1790,3,"Wines, Meat, Gold",0.8367434462616739
1791,2,"Fish, Meat, Fruits",0.5950884933957915
1792,0,"Meat, Fish, Gold",0.6260814037377415
1793,0,"Wines, Fish, Gold",0.6419756567622643
1794,0,"Meat, Wines",0.5382361627022596
1795,1,"Wines, Gold, Meat",0.8785443557485846
1796,2,"Wines, Meat, Gold",0.44073755209793014
1797,0,"Wines, Meat, Fruits",0.753896080287712
1798,3,No uplift product,0.5278972734822523
1799,3,"Wines, Meat, Gold",0.8598223294275232
1800,2,"Wines, Fruits, Gold",0.36088021055263375
1801,3,"Wines, Meat, Gold",0.8095541994391099
1802,3,"Wines, Gold, Fruits",0.8126050963011999
1803,2,"Wines, Meat, Sweets",0.6056030299213466
1804,0,"Wines, Meat, Fruits",0.5182353259690323
1805,1,"Wines, Meat, Fish",0.8454138254325723
1806,2,"Wines, Meat, Fish",0.1372285953805017
1807,0,"Wines, Sweets, Fruits",0.7254745299410192
1808,0,"Sweets, Fish",0.8032057026412323
1809,1,Wines,0.7555371021609517
1810,1,"Gold, Fruits, Meat",0.7974328035858742
1811,3,"Meat, Fruits, Fish",0.5533840270931845
1812,2,"Meat, Gold, Fish",0.7425034376146034
1813,3,Fruits,0.495032293022099
1814,3,Wines,0.7232233208306966
1815,3,"Wines, Gold, Meat",0.7766653341084977
1816,0,"Wines, Fruits, Gold",0.7796060908139939
1817,3,"Fish, Fruits",0.557157343847808
1818,2,"Wines, Meat, Sweets",0.4040096409795788
1819,2,Fruits,0.7462725135120408
1820,1,"Gold, Fish, Sweets",0.7869574118465807
1821,0,"Wines, Fish, Fruits",0.7805141014703784
1822,1,"Wines, Gold, Fish",0.7453908934977301
1823,0,"Wines, Fish, Meat",0.7955032986340408
1824,3,"Gold, Fish",0.6948229064492102
1825,0,"Wines, Meat, Fish",0.5245252418069466
1826,3,"Wines, Meat, Gold",0.5330159449620357
1827,1,"Wines, Sweets, Gold",0.6718404879907989
1828,2,"Wines, Meat, Fish",0.37565985813172137
1829,1,"Wines, Meat, Gold",0.831024088425209
1830,0,"Wines, Fish, Fruits",0.7012488185850176
1831,1,"Wines, Meat, Gold",0.8395929572133554
1832,0,"Wines, Fish, Sweets",0.7859187036832336
1833,0,"Fish, Wines, Sweets",0.6479427600275032
1834,0,"Meat, Gold, Fish",0.8006043995357661
1835,2,"Meat, Gold, Fish",0.6617787148245997
1836,3,"Wines, Meat, Fruits",0.7240211892444303
1837,1,"Meat, Sweets, Fish",0.6697514251228291
1838,0,"Gold, Fruits, Sweets",0.8567050367599353
1839,2,"Wines, Fish, Sweets",0.16779964795820573
1840,2,"Meat, Gold, Sweets",0.4009145621147658
1841,1,"Wines, Meat, Gold",0.6554563522877327
1842,2,"Wines, Meat, Gold",0.11015056866513132
1843,2,"Wines, Gold",0.04269859696938587
1844,0,"Fruits, Sweets, Meat",0.7846125189684379
1845,2,"Meat, Wines, Sweets",0.5300751048216928
1846,3,"Wines, Meat, Gold",0.916432948131186
1847,1,"Wines, Gold, Meat",0.7958559236956567
1848,1,"Fruits, Sweets, Fish",0.44416211648467613
1849,0,No uplift product,0.8374499837669496
1850,1,"Wines, Meat, Gold",0.7922242814087334
1851,0,"Meat, Wines, Gold",0.5079754459273348
1852,3,"Wines, Meat, Gold",0.7595455146177582
1853,2,"Meat, Gold, Fish",0.5517045875993727
1854,3,"Wines, Meat, Gold",0.4181942651544302
1855,1,"Wines, Meat, Fish",0.6290771076057473
1856,0,"Wines, Meat",0.41662781987060094
1857,0,"Wines, Meat",0.811918735615733
1858,2,"Fruits, Sweets, Gold",0.6923095291877582
1859,2,Gold,0.4156833349320129
1860,0,"Meat, Fish, Gold",0.6874543168701107
1861,1,"Wines, Meat, Fish",0.789710557671175
1862,1,"Gold, Fish, Meat",0.4098314114608961
1863,2,"Sweets, Meat, Fish",0.5124871189802552
1864,1,"Wines, Gold, Meat",0.5787475939163504
1865,1,Gold,0.28719487250282755
1866,3,"Wines, Meat, Fish",0.8701035277209224
1867,0,"Gold, Fish, Wines",0.8705781505153193
1868,2,"Wines, Gold, Meat",0.5176360543199418
1869,1,Sweets,0.4336764962309665
1870,0,Sweets,0.7851388189008699
1871,0,No uplift product,0.8383678524634764
1872,1,"Gold, Wines, Meat",0.8268997819979319
1873,2,"Meat, Fish, Gold",0.5005187664113459
1874,0,"Wines, Meat, Sweets",0.6230484182890822
1875,3,Gold,0.3386172665552281
1876,1,"Wines, Meat, Sweets",0.7245592024205018
1877,0,"Fish, Fruits, Meat",0.7942570508992005
1878,0,"Wines, Meat, Fish",0.2950303231362588
1879,2,"Wines, Meat, Gold",0.30110701240826804
1880,3,"Wines, Meat, Gold",0.8701132389418017
1881,1,"Wines, Meat, Fish",0.6496575800263539
1882,0,"Meat, Wines, Fish",0.37051499485846323
1883,1,"Wines, Gold, Fish",0.7643958332276469
1884,3,"Meat, Gold, Fish",0.47198607191413783
1885,0,"Wines, Meat, Gold",0.7885299836768626
1886,2,"Fish, Sweets",0.618581555050775
1887,1,"Gold, Meat, Fish",0.7964713525717271
1888,1,"Meat, Wines, Gold",0.5687289180411934
1889,1,"Wines, Meat, Fish",0.8165101444888865
1890,0,"Wines, Meat, Gold",0.7253972614448104
1891,2,Meat,0.5966583601353466
1892,0,"Gold, Fish, Meat",0.8133117302505762
1893,2,No uplift product,0.6404624332462967
1894,2,"Meat, Fish, Sweets",0.7421128909107196
1895,2,"Wines, Meat, Fish",0.46705171277105245
1896,1,"Meat, Fruits, Wines",0.6543691450883385
1897,1,"Wines, Gold, Meat",0.8173596423583814
1898,1,"Wines, Meat, Gold",0.5614900184425899
1899,3,"Wines, Meat, Gold",0.8626350996231007
1900,1,"Meat, Wines, Fruits",0.4172293240395917
1901,2,"Wines, Meat",0.384638721382366
1902,0,"Meat, Gold, Fruits",0.7333014171259388
1903,0,"Meat, Gold, Fruits",0.7888520073634716
1904,2,"Gold, Wines, Sweets",0.6240335919074131
1905,1,"Wines, Meat, Gold",0.80437048380169
1906,2,"Meat, Fish, Gold",0.5555447290847472
1907,0,"Wines, Fish, Gold",0.7948810367371449
1908,0,"Meat, Fruits, Fish",0.7645938602528474
1909,2,"Wines, Fruits, Meat",0.6126920035846921
1910,3,"Wines, Gold, Fish",0.8205531035475416
1911,2,"Wines, Meat, Fish",0.2621074524533104
1912,1,"Wines, Gold, Fish",0.8470120629321535
1913,3,"Wines, Meat, Fish",0.7132849195492846
1914,2,Wines,0.6116462540751505
1915,3,"Wines, Meat, Gold",0.738189635640057
1916,2,"Wines, Gold, Fruits",0.32540542039061093
1917,2,"Meat, Gold, Sweets",0.5468066593967514
1918,3,"Wines, Meat, Gold",0.6667011806301043
1919,1,"Wines, Meat, Gold",0.7754312903396133
1920,0,"Meat, Fish, Sweets",0.6742909583285428
1921,3,"Wines, Meat, Gold",0.6097093043652387
1922,1,"Meat, Wines, Gold",0.7916167847404636
1923,0,"Wines, Meat",0.7262991802953541
1924,1,"Fish, Sweets, Fruits",0.6766159070923379
1925,0,"Wines, Sweets, Fruits",0.76007287815115
1926,0,"Wines, Sweets, Meat",0.680961198895408
1927,0,"Wines, Meat, Gold",0.4446699937736406
1928,3,"Wines, Gold, Sweets",0.7798126556525029
1929,3,"Wines, Meat, Gold",0.5897423751900669
1930,1,"Meat, Gold, Fish",0.2613619330290187
1931,2,"Wines, Meat, Gold",0.3133831150443787
1932,0,"Wines, Sweets, Fish",0.8143972130136476
1933,0,"Gold, Fish, Sweets",0.611710442282559
1934,0,"Meat, Wines, Fish",0.4008760074246258
1935,0,"Meat, Fruits, Gold",0.7358759539322491
1936,1,"Wines, Meat, Gold",0.8309590100323756
1937,2,"Wines, Meat, Gold",0.33893892970121126
1938,0,"Wines, Gold, Fish",0.7880188276670496
1939,3,"Wines, Sweets, Fruits",0.7313753271771525
1940,2,"Meat, Wines",0.6388452960632804
1941,0,"Meat, Fish, Sweets",0.5355930579347424
1942,3,"Wines, Meat, Gold",0.7803441667297217
1943,3,"Wines, Fruits",0.7160582667531126
1944,1,"Meat, Fish, Sweets",0.41150347398756626
1945,0,"Wines, Gold, Sweets",0.8391297298601427
1946,2,"Wines, Meat",0.6756195752219248
1947,2,Gold,0.5794962957762849
1948,0,"Wines, Gold",0.869804938535647
1949,0,"Meat, Fish, Gold",0.7483138357369625
1950,2,"Gold, Fruits, Fish",0.430388464531557
1951,1,"Meat, Wines, Fish",0.7342367923610521
1952,3,"Sweets, Gold",0.6486290494266166
1953,2,"Wines, Meat, Fish",0.28208746581105504
1954,3,No uplift product,0.7040107733757646
1955,2,"Wines, Meat, Fish",0.29152375555185966
1956,0,"Wines, Meat, Sweets",0.4361692469406011
1957,3,"Wines, Meat, Gold",0.7530306919383466
1958,1,"Fish, Meat, Wines",0.7680544636617604
1959,1,"Wines, Meat, Fish",0.8716370064085183
1960,1,Wines,0.6473425965005588
1961,1,"Gold, Fruits, Fish",0.7548525231685688
1962,0,No uplift product,0.8847787963034335
1963,3,"Wines, Fruits, Fish",0.5206813599158738
1964,2,"Wines, Meat, Gold",0.3435545031319639
1965,3,"Wines, Meat, Gold",0.5688981962781194
1966,3,"Fish, Sweets, Fruits",0.6839503164967673
1967,1,Fruits,0.20007175866191726
1968,1,Fish,0.7940702449275077
1969,3,Fish,0.2722083081300371
1970,0,"Sweets, Fruits, Gold",0.8467822351658352
1971,3,"Wines, Meat",0.5545904239073878
1972,0,"Fruits, Sweets, Gold",0.8218901767502883
1973,0,"Gold, Meat, Fruits",0.5311802165216528
1974,3,"Wines, Meat, Gold",0.8445268143700224
1975,0,"Meat, Wines, Fish",0.6340137489560373
1976,0,"Meat, Wines, Fruits",0.6259651748952746
1977,2,"Wines, Meat, Gold",0.4331802435944752
1978,1,"Fish, Fruits",0.4719870252433057
1979,1,No uplift product,0.005016155020563566
1980,1,"Wines, Meat, Gold",0.8166563089748449
1981,1,"Wines, Meat, Gold",0.8368220151737327
1982,1,"Wines, Meat",0.6793405280299303
1983,1,"Wines, Meat, Gold",0.5123429279648958
1984,3,"Wines, Meat, Gold",0.7594531099656164
1985,3,"Wines, Meat, Gold",0.5948708513167719
1986,2,No uplift product,0.6313929550815486
1987,2,"Wines, Meat, Fish",0.2792436506181963
1988,3,Fruits,0.19292702564850664
1989,2,"Meat, Gold, Fish",0.5655328834018254
1990,0,"Sweets, Wines, Fruits",0.8324782659892291
1991,1,"Gold, Fruits",0.6723849063489379
1992,0,"Fish, Gold, Fruits",0.8036928574220813
1993,0,"Wines, Meat, Gold",0.35902747148246184
1994,0,"Fish, Meat, Gold",0.7686738110309558
1995,3,"Wines, Meat, Gold",0.7845418503988544
1996,1,"Wines, Meat, Gold",0.6403012620398522
1997,3,"Wines, Meat, Gold",0.8575432652127828
1998,3,"Wines, Meat, Gold",0.7881507911022844
1999,3,"Wines, Meat, Gold",0.8304423431278712
2000,1,"Wines, Meat, Gold",0.7830266518529332
2001,1,"Wines, Fish, Gold",0.8397599225709297
2002,3,Gold,0.7341013347304747
2003,2,"Gold, Sweets",0.5246578810870921
2004,2,Sweets,0.7691880451848749
2005,1,"Wines, Gold, Meat",0.813237014725946
2006,3,"Wines, Meat, Gold",0.8216388402073237
2007,1,"Meat, Wines, Gold",0.4931909875672549
2008,2,"Gold, Fruits, Fish",0.6698748567561592
2009,1,"Wines, Meat",0.656289284354089
2010,2,"Fish, Gold, Sweets",0.5340016282907427
2011,2,"Wines, Sweets",0.633238052835652
2012,1,"Wines, Gold, Fish",0.8212187945315134
2013,2,Wines,0.6967776451929055
2014,1,No uplift product,0.3776235234843831
2015,3,No uplift product,0.2856615390465821
2016,2,Gold,0.6910911587694847
2017,2,"Wines, Gold, Sweets",0.4225020886933608
2018,1,"Wines, Fruits, Gold",0.7475092227677093
2019,0,"Meat, Sweets",0.7195458231332061
2020,0,"Wines, Meat, Fish",0.5695920920206706
2021,2,"Wines, Fish",0.6167606687331962
2022,1,"Wines, Gold, Meat",0.8109309682220099
2023,1,"Meat, Gold, Fish",0.7729068922480121
2024,2,"Wines, Meat, Sweets",0.22778514827996146
2025,1,Fish,0.5798718906947278
2026,3,"Meat, Gold, Fish",0.5765406556567078
2027,0,"Meat, Fruits, Gold",0.7861374328640688
2028,0,"Meat, Sweets, Gold",0.49346041278443936
2029,0,"Wines, Gold, Fruits",0.7259491877167048
2030,3,"Wines, Meat, Gold",0.8296192964333393
2031,2,"Wines, Meat, Fish",0.4161321265910578
2032,2,"Gold, Wines",0.2867665130180859
2033,3,"Wines, Meat, Gold",0.795631533709918
2034,3,"Wines, Meat, Fruits",0.7885354932965571
2035,1,"Wines, Fruits",0.5676450212092504
2036,2,"Gold, Sweets, Fish",0.3085883272552976
2037,2,Meat,0.6495761924486977
2038,2,"Fish, Meat, Sweets",0.7176364181113911
2039,1,"Fruits, Gold",0.7037716640210343
2040,0,"Meat, Fish, Wines",0.8494333799091431
2041,3,"Wines, Meat, Gold",0.7649304967113657
2042,2,"Gold, Fish",0.7920509243896773
2043,2,"Meat, Fish",0.3654226746432345
2044,1,"Gold, Meat, Sweets",0.3568909137177335
2045,2,"Gold, Fish, Sweets",0.5117866395235509
2046,1,"Wines, Meat, Fruits",0.6574857403644802
2047,1,"Wines, Meat, Fish",0.8178661526420601
2048,2,"Wines, Meat, Gold",0.47482075893043707
2049,2,"Wines, Gold, Meat",0.337414985831019
2050,1,"Wines, Meat, Fish",0.8454138254325723
2051,0,"Wines, Meat, Gold",0.5599648301536122
2052,0,Meat,0.7802229316170188
2053,2,"Wines, Fish, Gold",-0.02783242354445087
2054,1,"Meat, Wines, Gold",0.8949296604259043
2055,1,"Wines, Fruits, Meat",0.4732828418603542
2056,1,Wines,0.6694502493661585
2057,2,"Wines, Meat, Fish",0.4843396028418316
2058,0,"Meat, Fish, Fruits",0.7345979538807382
2059,2,"Gold, Meat",0.7125431314477191
2060,0,"Wines, Sweets, Fruits",0.6419351441027414
2061,0,"Meat, Gold",0.5718333470940358
2062,1,"Wines, Meat, Fish",0.6938449767214999
2063,3,"Wines, Meat, Gold",0.6528443947310444
2064,3,"Gold, Sweets",0.47047983291123163
2065,1,"Wines, Meat, Gold",0.669234850276696
2066,3,No uplift product,0.217925892829584
2067,0,"Meat, Wines, Sweets",0.7223420020573322
2068,2,"Gold, Fruits, Fish",0.6698748567561592
2069,3,"Wines, Meat, Gold",0.8355378567385447
2070,0,"Wines, Meat",0.7911303510338306
2071,3,"Meat, Fruits, Sweets",0.6587051800104985
2072,2,Sweets,0.46866437005534595
2073,2,"Meat, Sweets, Fruits",0.3727474257583653
2074,3,"Wines, Meat, Gold",0.8404430899386357
2075,2,"Gold, Fruits, Sweets",0.4970811865082039
2076,1,"Wines, Meat, Fruits",0.7456199076773051
2077,2,"Gold, Fish, Sweets",0.5204093206228112
2078,1,"Wines, Meat",0.6141636414246623
2079,1,"Wines, Meat, Fish",0.7277838087182315
2080,3,"Wines, Fruits, Fish",0.5206813599158738
2081,2,"Wines, Fish, Sweets",0.43287651729675636
2082,3,"Fish, Fruits, Sweets",0.5387954902134464
2083,0,"Gold, Fish, Fruits",0.8031606818967599
2084,2,"Wines, Fruits, Gold",0.5325364564674466
2085,0,"Meat, Fish, Sweets",0.47207460183231253
2086,3,"Wines, Meat, Gold",0.8683417097370133
2087,3,"Wines, Meat, Fruits",0.5720180950195851
2088,2,"Wines, Sweets, Fruits",0.39276078637800876
2089,2,"Meat, Sweets, Fish",0.6173654495771738
2090,1,"Wines, Meat, Sweets",0.7692879190147788
2091,2,"Gold, Fish, Sweets",0.5572090134040426
2092,0,"Fish, Fruits, Meat",0.8284849776228495
2093,1,"Wines, Meat, Gold",0.8012131138738645
2094,1,"Gold, Fruits",0.7419649264208399
2095,3,"Wines, Meat, Gold",0.7883468801232918
2096,3,"Meat, Sweets, Fruits",0.47692997305785534
2097,2,"Wines, Meat, Sweets",0.5177167592235106
2098,3,"Wines, Meat, Gold",0.867456410108175
2099,0,"Fruits, Meat, Sweets",0.814913182809614
2100,2,"Wines, Meat, Fruits",0.5644541554040322
2101,0,"Meat, Fruits, Gold",0.7141512929215548
2102,0,"Meat, Fish, Gold",0.520487558947198
2103,3,"Wines, Meat, Gold",0.8553984856073277
2104,1,"Wines, Gold, Meat",0.8149919369600389
2105,0,"Gold, Fruits, Fish",0.7687044800318964
2106,1,"Wines, Meat, Gold",0.005695527325802478
2107,1,"Wines, Meat, Fruits",0.6929439148007603
2108,0,"Wines, Sweets",0.71483452678845
2109,3,"Gold, Fish",0.34417594961503284
2110,3,"Fruits, Fish",0.6676360869862817
2111,1,"Wines, Meat, Gold",0.796939885879213
2112,3,"Gold, Fish",0.29547409002730884
2113,3,"Wines, Fish, Sweets",0.5925692883645418
2114,1,"Wines, Meat, Gold",0.8373430494683448
2115,3,"Wines, Meat, Gold",0.9107681016508057
2116,3,"Wines, Meat, Sweets",0.70945301374698
2117,1,"Wines, Meat, Sweets",0.4948956163153904
2118,2,"Meat, Fish, Gold",0.6015333466724532
2119,0,"Meat, Fish, Sweets",0.6641685166083671
2120,1,"Meat, Gold, Fish",0.8204790097147482
2121,3,"Wines, Meat, Gold",0.8986389295915297
2122,3,Gold,0.7367723518874725
2123,3,"Wines, Meat, Gold",0.6420896121039624
2124,3,"Wines, Gold, Meat",0.9235303714780744
2125,0,"Wines, Fruits, Sweets",0.723367546415423
2126,1,"Wines, Meat, Gold",0.73519024362367
2127,3,"Fruits, Fish",0.6676360869862817
2128,1,"Wines, Meat, Gold",0.837192199327987
2129,1,"Gold, Wines, Fish",0.7015726966012188
2130,3,Wines,0.6696227730259533
2131,3,"Wines, Meat, Gold",0.5690730438563154
2132,2,"Meat, Gold, Sweets",0.48389273917789843
2133,3,"Gold, Wines",0.18732064695914308
2134,2,Fruits,0.6872071303025347
2135,1,"Gold, Fish",0.4199969838089268
2136,2,"Wines, Meat, Gold",0.41523754653373457
2137,0,"Wines, Gold",0.8465482752848132
2138,1,"Wines, Meat, Sweets",0.7979449227519353
2139,1,"Gold, Sweets, Fish",0.7834177348257866
2140,0,"Meat, Wines",0.5382361627022596
2141,0,"Wines, Fish, Sweets",0.6299796156402659
2142,0,"Meat, Fish",0.7088050062871755
2143,3,"Wines, Meat, Fish",0.7037192937772278
2144,2,"Meat, Gold, Wines",0.2948462738402914
2145,0,"Meat, Fish, Sweets",0.4832645348416993
2146,2,"Wines, Meat, Gold",0.3922388045223331
2147,2,Fruits,0.5576776675115005
2148,2,"Meat, Fish, Gold",0.5258134864124246
2149,0,Fruits,0.8423033411020939
2150,0,No uplift product,0.8616505229967317
2151,2,"Wines, Meat, Fish",0.34050983087497316
2152,2,"Wines, Meat, Sweets",0.39016456918819054
2153,3,Fish,0.5394303156614718
2154,1,"Wines, Fish, Meat",0.8275159504903515
2155,2,"Meat, Gold, Fish",0.45932268664189413
2156,1,"Wines, Meat, Fish",0.3072397768427747
2157,1,"Wines, Meat",0.7147218769300149
2158,3,"Wines, Meat, Gold",0.556821865950919
2159,2,"Sweets, Gold",0.6823522744758
2160,2,"Sweets, Gold, Meat",0.4983693410544938
2161,0,"Gold, Fish, Sweets",0.8257635968350094
2162,0,"Wines, Sweets",0.6974478630559109
2163,1,"Wines, Meat, Gold",0.6523075305932753
2164,0,"Gold, Fruits",0.8717067045208744
2165,3,"Wines, Meat, Fish",0.7371600223873601
2166,1,"Wines, Meat, Gold",0.45969428267748536
2167,0,"Wines, Gold, Fruits",0.8274430383502728
2168,2,Sweets,0.7432808358089842
2169,3,"Wines, Meat, Gold",0.7574409689635485
2170,1,"Sweets, Gold, Fish",0.5173043336487189
2171,2,"Wines, Meat, Fish",0.3463108126087308
2172,2,"Wines, Meat, Sweets",0.40397714366557885
2173,3,"Wines, Meat, Gold",0.8467820700163529
2174,1,"Wines, Meat",0.7619953255086148
2175,2,"Wines, Gold, Sweets",0.5113477986566857
2176,2,"Wines, Meat, Fish",0.34050983087497316
2177,2,"Wines, Meat, Gold",0.5007954185150594
2178,1,"Meat, Fruits, Wines",0.6543691450883385
2179,3,"Meat, Fish, Fruits",0.6172103334786183
2180,2,"Wines, Gold",0.44285934381392095
2181,3,"Wines, Meat, Gold",0.8858315900837194
2182,1,"Wines, Meat, Fruits",0.5128229458798648
2183,3,"Wines, Meat, Fish",0.7753341379625702
2184,2,"Wines, Meat, Gold",0.40018236754818565
2185,0,"Wines, Sweets, Gold",0.8111361157406038
2186,3,"Wines, Gold, Meat",0.7868730258900198
2187,0,"Gold, Fish, Wines",0.7520439477591532
2188,1,"Wines, Meat, Gold",0.6361865737682264
2189,3,"Wines, Meat, Gold",0.8186315047766513
2190,1,"Wines, Gold, Fish",0.8474942043392251
2191,0,"Wines, Meat, Gold",0.782445869124444
2192,1,"Wines, Meat, Gold",0.8884417633573015
2193,1,Fruits,0.41211200966401484
2194,2,"Wines, Meat, Gold",0.26044892468497294
2195,0,"Sweets, Fruits, Fish",0.8101662638061079
2196,1,"Wines, Meat, Fish",0.7041482094747619
2197,3,"Wines, Meat, Gold",0.8861640407329822
2198,2,"Meat, Gold, Fish",0.3747345017691761
2199,2,"Wines, Meat, Sweets",0.568070325345466
2200,2,"Meat, Wines, Fish",0.5340264735666423
2201,2,"Wines, Meat, Fish",0.44136857850185757
2202,3,"Wines, Meat, Sweets",0.6670283004292391
2203,1,"Wines, Sweets, Fruits",0.7949385458156771
2204,0,"Meat, Fish, Sweets",0.4159304372687376
2205,1,"Wines, Meat, Gold",0.6039457501278147
2206,1,"Wines, Meat, Gold",0.820717682615517
2207,2,Fish,0.5855502996264915
2208,3,"Gold, Fish, Fruits",0.6503816211294604
2209,0,"Meat, Fish, Sweets",0.5655557344062134
2210,2,"Wines, Gold, Sweets",0.5585904081103558
2211,3,"Wines, Fish, Sweets",0.8126494649098891