Customer_Index,Clusters,Recommended_Products,Similarity_Score
3,0,No uplift product,0.6405654632144757
1,3,"Wines, Meat, Gold",0.7413404485607058
2,0,"Meat, Wines, Sweets",0.7363142891948314
0,1,"Wines, Gold, Meat",0.7435125205396431
4,3,No uplift product,0.11242946428570594
5,2,"Meat, Gold, Fish",0.6555163715184842
6,2,"Wines, Gold, Meat",0.6231340384861239
7,1,"Fish, Sweets",0.7780592632299299
8,1,"Wines, Gold, Fish",0.8079604999557931
9,3,"Wines, Meat, Fish",0.5982568706235745
11,1,"Wines, Meat, Sweets",0.6217471800331351
12,0,"Wines, Gold, Fruits",0.7992746321646734
13,3,"Fish, Fruits, Gold",0.6193122239907822
14,1,"Wines, Gold, Meat",0.6529952671780468
15,0,"Meat, Fruits, Fish",0.80848910047639
16,3,"Wines, Gold, Meat",0.7621060651588745
17,1,No uplift product,0.10858714267287858
18,2,"Fish, Sweets",0.7385772124535385
19,1,"Wines, Meat",0.641984830898641
20,1,No uplift product,0.3901696247467828
21,2,No uplift product,0.18150520351734542
22,2,"Meat, Gold, Fish",0.4961589762778396
23,2,"Wines, Meat, Gold",0.5085128586497327
24,2,"Wines, Meat, Fruits",0.5452478936013317
25,1,"Wines, Gold, Fruits",0.5031581064731071
26,3,"Fish, Fruits, Meat",0.6853953915176965
28,1,"Gold, Fruits",0.5778187584791545
29,0,"Fish, Gold",0.8737544445288903
30,1,"Wines, Meat, Gold",0.5838519114914014
31,1,No uplift product,0.19130070135866412
32,3,No uplift product,0.3986536072257415
33,2,"Wines, Meat, Gold",0.5121847494016801
34,0,"Wines, Gold, Fruits",0.618614496745771
35,3,"Wines, Gold, Meat",0.7439235483034272
36,2,"Fish, Gold, Meat",0.6549215644275701
37,1,"Wines, Meat, Fruits",0.6941434167710423
38,1,No uplift product,0.28149508047354077
39,0,"Meat, Wines, Fruits",0.6139534273282791
40,2,Wines,0.5568949680383928
41,1,"Wines, Gold, Fish",0.8113768447900356
42,3,"Wines, Meat, Gold",0.4599823050182974
44,1,"Wines, Meat, Fish",0.7689824156845956
45,0,"Wines, Meat, Sweets",0.7724237817255506
46,1,"Wines, Meat",0.5983854941740151
47,1,"Wines, Meat, Fish",0.6632677318603508
49,2,Gold,0.6649560586532545
50,2,No uplift product,0.2153022203531137
51,0,"Fish, Gold, Fruits",0.8066546054102771
52,1,"Wines, Gold, Meat",0.7635918919904336
53,0,"Wines, Sweets",0.8664969406137843
54,2,"Wines, Meat, Fish",0.4927203207433005
55,0,"Meat, Fruits",0.8532580711537135
56,0,"Wines, Gold, Fruits",0.8751101470962195
57,1,"Wines, Meat, Gold",0.6450235931798972
59,2,"Meat, Wines, Fish",0.5102625956605996
60,0,"Sweets, Fruits, Fish",0.8527076700020257
61,2,"Meat, Wines, Gold",0.48955910583957934
62,2,"Meat, Fruits, Sweets",0.7143670551751724
63,2,"Meat, Gold, Fish",0.4482108807037989
64,0,"Wines, Meat, Gold",0.6869781692629817
65,1,"Wines, Meat, Fish",0.7756117685027676
66,3,"Wines, Meat, Gold",0.7972224646174816
67,0,"Meat, Fruits, Sweets",0.40934463938449367
68,2,"Wines, Fish, Meat",0.45588792514464394
69,2,Sweets,0.4941553428805656
70,0,"Wines, Gold, Fruits",0.6971287943946922
72,2,Wines,0.8632438121292768
73,2,"Meat, Gold, Fish",0.5901995117623233
74,1,No uplift product,0.21671528882814128
75,1,"Wines, Meat, Gold",0.7376698314008102
76,0,"Gold, Sweets",0.7707658127825838
77,0,Gold,0.8630117401675108
78,1,"Wines, Meat, Fish",0.49659845058631413
79,2,No uplift product,0.13234456732691277
80,1,"Fish, Fruits, Sweets",0.604696885862756
81,1,"Wines, Meat, Gold",0.7397280501810247
82,1,"Wines, Meat, Sweets",0.663178664013025
83,1,No uplift product,0.19130070135866412
84,0,"Wines, Fish, Fruits",0.783259455975233
85,3,"Wines, Meat, Gold",0.8384554730957594
86,3,"Meat, Gold, Fish",0.8693502281345995
87,3,No uplift product,0.14954314352250947
88,0,"Wines, Fruits",0.8520049739507568
89,3,No uplift product,0.3257312901688725
93,1,"Wines, Meat, Gold",0.7403523375290866
94,1,"Gold, Meat, Fish",0.6056030988061162
95,1,"Wines, Meat, Gold",0.7246937559396176
96,2,"Meat, Fish, Sweets",0.6135612099167135
97,3,"Wines, Meat, Gold",0.703454769850046
98,0,"Wines, Sweets, Fruits",0.7633276260737252
99,1,No uplift product,0.1843549048861943
100,1,No uplift product,0.2732441340038393
101,1,No uplift product,0.3208273833119686
102,2,Wines,0.7682310153791753
103,0,"Meat, Wines, Sweets",0.6976013151269806
104,0,"Wines, Fish, Sweets",0.7839702224995553
105,1,"Wines, Meat, Gold",0.6717800736553459
106,3,"Gold, Fish, Fruits",0.8227835346238536
107,2,"Wines, Gold",0.7969440271148565
108,1,"Fish, Fruits, Sweets",0.6731164371218792
109,0,"Meat, Wines, Fish",0.7382437986679944
110,2,"Wines, Fish, Sweets",0.5514634573218746
111,0,"Meat, Fish, Fruits",0.5696181927821924
112,2,"Meat, Fish, Sweets",0.4900942560207483
113,0,"Meat, Wines, Fish",0.74792826431233
114,2,No uplift product,0.17305547041058797
115,3,"Wines, Meat, Fish",0.7399686374584699
116,0,"Wines, Gold",0.8539689608913856
117,2,No uplift product,0.1412661933378535
118,3,"Wines, Fish, Meat",0.761557118068422
119,1,"Wines, Meat, Gold",0.7626064959354363
120,2,"Wines, Meat, Gold",0.7192915730980856
121,1,"Fish, Gold, Fruits",0.6206690529387388
122,3,"Wines, Meat, Gold",0.6156687522358751
123,1,"Wines, Gold, Meat",0.7700100328435184
124,0,"Meat, Fish, Fruits",0.8618611205086582
125,0,"Wines, Meat, Fish",0.6323243718502829
126,0,"Wines, Sweets",0.853501148672671
127,3,"Wines, Meat, Gold",0.8623799201059054
129,2,"Meat, Gold, Wines",0.4918357899546085
130,2,"Wines, Meat, Gold",0.5206170842086935
131,2,"Meat, Fish, Gold",0.5811226472874149
132,0,"Wines, Meat, Fish",0.6915182389124792
134,3,"Fruits, Sweets, Fish",0.8109644283273572
135,0,"Gold, Fish, Fruits",0.8313572811358353
136,1,"Wines, Meat, Gold",0.7441085795500103
137,3,"Wines, Fish, Sweets",0.8695690354866162
138,3,"Wines, Meat, Fruits",0.7230167743368702
139,3,"Wines, Meat, Gold",0.776048399036482
140,0,"Gold, Fish, Sweets",0.8116737736323205
141,2,No uplift product,0.3346102764589164
142,0,"Wines, Fish, Fruits",0.9080876879858977
143,2,"Meat, Gold, Fruits",0.6807271503657084
144,1,Wines,0.5745119587041606
145,2,"Meat, Gold, Fruits",0.5275230432119326
146,1,"Wines, Meat, Fruits",0.7464730989465561
147,1,"Wines, Meat, Gold",0.8253300587449078
148,3,"Wines, Sweets, Fruits",0.6656119950272552
149,1,No uplift product,0.2610900199838514
150,3,Gold,0.5334775358683844
151,2,"Wines, Meat, Gold",0.48456930863208275
152,2,No uplift product,0.39743004337569665
153,1,"Wines, Meat",0.6062337536434392
154,2,"Meat, Fish, Sweets",0.7854477941674004
155,0,"Meat, Fish, Sweets",0.6787865369409001
156,3,No uplift product,0.12875312495806845
157,3,"Wines, Meat, Gold",0.7666943894287028
158,3,No uplift product,0.25850045248084413
159,0,"Meat, Wines, Fruits",0.8536326732679447
160,3,"Wines, Meat, Gold",0.7798522609366247
161,0,"Meat, Fish, Sweets",0.6690317758436655
162,1,"Gold, Fruits, Fish",0.6641099767230004
163,0,"Meat, Fish, Gold",0.8495378293297072
164,2,No uplift product,0.3564420264151279
165,3,"Wines, Fruits, Sweets",0.8503070911570526
166,0,"Wines, Meat, Fruits",0.6921453788217299
167,1,No uplift product,0.11129327517838243
168,0,"Wines, Meat",0.7785747452066617
169,3,"Wines, Meat",0.8511948810972434
170,3,"Wines, Meat, Gold",0.8945789608166679
171,1,"Wines, Meat, Fruits",0.7974828817299625
172,3,"Meat, Wines, Fish",0.569886769290036
173,3,"Meat, Gold, Wines",0.8587606746308983
174,1,No uplift product,0.14604639799701002
175,2,Gold,0.6967304978979161
176,0,"Meat, Fish",0.7356409328514848
177,3,"Wines, Meat, Gold",0.8379492956145893
178,3,"Wines, Meat, Gold",0.7880780144721268
179,0,"Wines, Sweets, Fruits",0.7633276260737252
180,3,No uplift product,0.37961019376335736
181,1,"Wines, Meat, Gold",0.6749062960673546
182,0,"Meat, Fish, Sweets",0.7462028111758313
183,1,"Meat, Fish, Sweets",0.7725072116204467
184,1,"Wines, Meat, Gold",0.43484402542692496
185,1,"Wines, Gold, Meat",0.8052820892462589
186,1,No uplift product,0.38790280187664306
187,2,"Wines, Meat, Fruits",0.6331925756135665
188,0,"Gold, Fruits",0.8594510093385419
189,3,"Wines, Meat, Gold",0.8403734491680519
190,1,"Wines, Meat, Sweets",0.6973544095610313
191,0,"Wines, Fruits, Meat",0.7534123789819099
193,1,"Wines, Fish, Meat",0.6965798908863874
194,3,Gold,0.7071034722254315
195,3,"Wines, Meat, Gold",0.8263462605795452
196,0,"Meat, Gold, Fish",0.706831244605499
197,0,"Wines, Fish, Fruits",0.8419411159072093
198,0,"Wines, Fish, Sweets",0.8103784165144527
199,3,"Fruits, Sweets",0.5955993093874047
200,2,"Meat, Wines, Fish",0.414870981975687
201,0,"Wines, Sweets",0.8827605901038018
202,2,"Gold, Fish",0.6759812378706918
203,0,"Meat, Fruits, Fish",0.8399482713431524
204,3,"Wines, Meat, Gold",0.7765886457645635
205,1,"Wines, Meat, Sweets",0.6073415951628606
206,1,"Wines, Meat, Gold",0.7693401659286864
207,3,Wines,0.6115274939610923
208,3,"Wines, Meat, Gold",0.47882262019095917
209,2,"Sweets, Fish",0.7700057594886297
210,3,No uplift product,0.3665411112078414
211,0,"Meat, Fish, Gold",0.8165840111468643
212,3,"Fish, Gold, Fruits",0.5871617142524409
213,2,"Meat, Wines, Fruits",0.5201295035617857
214,0,"Wines, Fruits, Gold",0.806943055656738
215,3,No uplift product,0.18806223153083124
216,3,"Wines, Meat, Gold",0.6935311807012168
217,0,"Gold, Fish, Fruits",0.799396158704949
218,3,No uplift product,0.2342341015950202
219,2,"Gold, Meat, Sweets",0.48856300498766525
220,1,"Sweets, Wines, Meat",0.4879532210515086
221,0,"Wines, Gold, Fruits",0.863488472287695
222,2,"Gold, Sweets, Meat",0.561566495672857
223,1,"Gold, Fish, Sweets",0.6801030626177333
224,2,"Fish, Sweets, Fruits",0.8287806534952538
225,1,"Meat, Fish, Fruits",0.6348517488938876
226,2,"Wines, Meat, Fish",0.42283466886446663
227,2,"Fish, Sweets, Fruits",0.4326807361559635
228,0,"Gold, Fish, Sweets",0.8255565761630561
229,1,"Wines, Gold, Meat",0.8312117027226762
230,2,"Wines, Meat, Fish",0.43252185712757435
231,2,No uplift product,0.32252404666495615
232,1,"Wines, Meat, Gold",0.7765184160533489
233,1,No uplift product,0.36697035277024465
234,2,"Gold, Sweets, Fish",0.7609288308615704
235,1,"Wines, Meat, Fish",0.7128392979428539
236,1,"Meat, Gold, Wines",0.8774057366582728
237,2,"Wines, Gold, Meat",0.40317056518173905
238,1,"Wines, Meat, Fruits",0.7208894850346714
240,0,"Gold, Fruits",0.8503991749949227
241,2,"Wines, Gold",0.47254868985158344
242,1,"Wines, Meat, Gold",0.7997294098457305
243,0,"Sweets, Wines",0.7920593579839121
244,2,"Meat, Fish, Fruits",0.854595382606264
245,3,"Wines, Meat, Gold",0.8900621507770692
246,2,No uplift product,0.1997754248960273
247,2,"Sweets, Meat",0.7224408872757864
248,0,Sweets,0.7270980961780007
249,2,"Fruits, Gold",0.8069760554124115
250,1,"Wines, Sweets, Gold",0.8512707802941463
251,1,"Wines, Meat, Fish",0.8094560429740777
252,0,"Wines, Fish, Meat",0.8536346916627184
253,1,No uplift product,0.2950473183307152
254,2,"Gold, Fruits",0.6325203850823157
255,1,"Meat, Gold, Wines",0.7650447842642414
256,2,"Meat, Gold, Fish",0.7354624067491169
257,2,No uplift product,0.27707024404260583
258,3,"Wines, Meat, Gold",0.6736966635598627
259,3,"Wines, Meat, Gold",0.812539481959016
260,1,"Wines, Meat, Fish",0.7887076523876146
261,2,"Gold, Sweets, Fish",0.7827766288785097
262,3,No uplift product,0.3180364204798587
263,1,"Wines, Meat, Gold",0.8015255996963578
264,3,"Fish, Fruits, Sweets",0.6718996227201801
265,3,"Wines, Meat, Fish",0.8711947033182825
266,0,"Wines, Meat",0.8490118210998949
267,3,"Wines, Fish, Sweets",0.7678560628875689
268,0,"Wines, Meat",0.7695861836148904
269,1,"Wines, Meat, Sweets",0.6916730134845188
270,0,"Fruits, Fish",0.6342945680330209
271,1,"Wines, Gold, Fish",0.6713041122869136
272,3,No uplift product,0.3171631565018671
273,3,"Wines, Meat, Gold",0.8933578516689349
274,3,"Wines, Gold, Fish",0.7250291106282956
275,2,"Meat, Gold, Fish",0.6296344622579034
276,0,"Wines, Meat",0.7411437330834273
277,0,"Wines, Meat, Gold",0.6924424738125077
278,0,"Wines, Fruits, Fish",0.7963615844318948
279,2,"Meat, Sweets, Fish",0.5985303993954914
280,1,"Wines, Meat, Gold",0.6980419317836823
281,2,"Wines, Meat, Fish",0.42283466886446663
282,1,No uplift product,0.10858714267287858
283,2,No uplift product,0.2053082181633028
284,3,"Wines, Meat, Gold",0.8284079993551245
285,1,"Wines, Fish, Meat",0.7542261188583108
286,0,"Wines, Meat, Gold",0.7305055899584307
287,2,"Wines, Fruits",0.586162674476292
288,0,"Wines, Gold",0.8151869904912136
289,1,No uplift product,0.14619808817257593
290,1,"Meat, Wines, Fish",0.589401558173587
291,1,"Fruits, Gold",0.6250447847928436
292,0,Sweets,0.8140589444097674
293,3,"Wines, Meat, Sweets",0.6473281450139727
294,3,"Wines, Meat, Gold",0.7878779181675992
295,2,"Meat, Fish, Fruits",0.6233171387538321
296,1,"Wines, Meat, Gold",0.74122970966268
297,1,"Fish, Meat, Gold",0.7760276236035786
298,0,"Wines, Meat, Fruits",0.72171005946707
299,2,"Meat, Fish, Gold",0.6541649803715539
300,3,"Wines, Meat, Gold",0.7388967664369429
301,2,"Gold, Sweets, Meat",0.5021112173504723
302,1,"Gold, Fruits, Fish",0.5728278824763947
303,1,No uplift product,0.5917843466681416
304,1,"Wines, Fish, Fruits",0.745844583855632
305,0,"Meat, Wines, Gold",0.9190195742698338
306,1,"Wines, Gold, Meat",0.49662354066823067
307,0,"Fish, Gold, Meat",0.7713898921839453
308,2,"Meat, Gold, Fish",0.4634838846564575
309,1,No uplift product,0.3737972890650938
310,1,"Wines, Meat, Fish",0.6638374588384808
311,3,"Wines, Meat, Gold",0.8673500081763693
313,0,"Gold, Sweets, Fruits",0.8971693602016968
314,3,"Fruits, Fish, Meat",0.6956200866839458
315,3,"Wines, Meat, Gold",0.8643449485540071
316,3,"Wines, Meat, Sweets",0.8861318798192392
317,1,No uplift product,0.16673756171830414
318,3,"Wines, Meat, Gold",0.871994598569624
320,2,"Wines, Meat, Fruits",0.5283441571833066
321,1,"Wines, Meat, Gold",0.7704922364050976
322,3,"Wines, Meat, Gold",0.7065327425245438
323,2,Sweets,0.6994287620940743
324,2,"Wines, Meat, Fish",0.6125352073655035
325,0,"Meat, Fruits, Fish",0.8321710826171633
326,1,"Wines, Gold, Fish",0.842976004664662
327,1,"Gold, Meat, Wines",0.760978448014629
328,3,"Wines, Meat, Gold",0.8230147412432954
329,1,"Gold, Sweets, Fish",0.7099556618046006
330,1,"Wines, Meat, Gold",0.8286375975494156
331,1,"Gold, Meat, Sweets",0.5440293493628205
332,2,"Gold, Fish, Sweets",0.645353412826989
333,1,"Meat, Wines, Fish",0.7319891674663481
334,1,"Wines, Meat, Gold",0.8489631879944004
335,2,Wines,0.6115680755957554
336,0,"Meat, Gold, Fish",0.7268103946361616
337,1,"Wines, Meat, Sweets",0.7181230283431976
338,0,"Fish, Sweets, Fruits",0.8795265827356831
340,0,"Wines, Fruits, Gold",0.7457930717700516
341,1,"Sweets, Gold",0.4700664025575283
342,2,"Meat, Fish, Gold",0.6335548041851222
343,2,"Wines, Meat, Gold",0.40666629119127207
344,1,"Wines, Meat, Gold",0.7465542568186875
345,0,"Wines, Meat, Fruits",0.7798455708067413
346,3,"Wines, Meat, Gold",0.9028550836133272
347,0,"Wines, Meat",0.7647057219906515
348,3,"Wines, Meat, Gold",0.6904557528002851
349,1,"Wines, Meat, Gold",0.757559271725381
350,2,"Gold, Wines, Fish",0.6574375351534163
351,2,No uplift product,0.29619031590194095
352,0,"Wines, Fish, Gold",0.8087500677599431
353,0,"Sweets, Wines, Gold",0.7952086719761703
354,2,"Gold, Fish, Sweets",0.6597453427393523
355,3,"Wines, Meat, Fish",0.7193970340608206
356,3,"Meat, Wines, Fish",0.517046577846069
357,0,"Wines, Gold, Fish",0.7812942308680639
358,0,"Meat, Gold, Sweets",0.6719657544219483
359,3,No uplift product,0.5972036172417415
360,0,Gold,0.8316907453425996
361,2,"Meat, Fish, Sweets",0.45043602555060147
362,3,"Wines, Meat, Gold",0.6038657270876625
363,1,"Wines, Meat, Gold",0.8015255996963578
364,2,"Wines, Fish, Sweets",0.5328564967137417
365,2,"Wines, Meat, Fruits",0.5092875328822776
366,0,"Wines, Fruits, Gold",0.8842983476779256
367,1,"Wines, Gold, Meat",0.750515345270964
368,0,Fruits,0.8089360459098069
369,2,No uplift product,0.28177238835658147
370,1,"Wines, Meat, Gold",0.69159933681017
371,3,"Sweets, Fruits, Fish",0.6330375967941521
372,1,"Wines, Meat, Gold",0.7445557861783743
373,2,"Fish, Sweets, Fruits",0.643286235410198
374,3,"Wines, Gold, Meat",0.67361674985432
375,3,"Wines, Fish, Fruits",0.5466822907930377
376,1,"Wines, Meat, Sweets",0.587272842192092
377,1,"Wines, Gold, Meat",0.7742265180515341
378,2,"Meat, Fish, Sweets",0.5323498126376058
379,1,"Wines, Meat, Fish",0.7153329179119449
380,3,"Wines, Meat, Gold",0.6355893016690686
381,1,"Wines, Meat, Gold",0.8201012341182466
382,1,No uplift product,0.2259352873511513
383,3,"Wines, Sweets, Fruits",0.6656119950272552
384,1,"Meat, Wines, Gold",0.6743756542143473
385,1,"Wines, Meat, Gold",0.722780633070956
386,2,No uplift product,0.3837220634318813
387,2,"Meat, Fish",0.6767173644012774
388,3,"Wines, Meat, Fruits",0.42162832475103207
389,2,"Meat, Fish, Sweets",0.4173874020675609
390,0,"Fish, Gold, Wines",0.8536232550807645
391,1,No uplift product,0.3329583553446591
392,0,"Wines, Meat, Fish",0.7249240838854167
393,1,No uplift product,0.1282142984174741
394,2,"Meat, Fish, Sweets",0.5514609479562472
395,0,"Fruits, Sweets, Gold",0.829754549153805
396,3,"Fruits, Sweets",0.7044209293919635
397,1,"Wines, Meat, Fish",0.783946842816124
398,1,"Wines, Meat, Gold",0.8010001159179811
399,1,"Wines, Meat, Fish",0.6473056318565144
400,3,"Wines, Gold, Fish",0.6415722694872035
401,0,"Meat, Gold, Sweets",0.6853515097571089
402,3,"Wines, Fish",0.6303762692210741
403,1,No uplift product,0.31467702878524306
404,3,"Gold, Fish, Fruits",0.6052298631783223
405,3,"Wines, Meat, Gold",0.8514988249477821
406,1,"Wines, Gold, Fruits",0.700928705179546
407,3,Gold,0.525017601603682
408,1,"Wines, Gold, Fish",0.8079604999557931
409,2,"Wines, Meat, Gold",0.665148683523449
410,1,"Wines, Meat, Fish",0.7192799543310573
411,2,"Wines, Gold",0.5574805154931501
412,2,"Gold, Fruits, Fish",0.7923405065288375
413,1,No uplift product,0.3758329520425452
414,2,"Fish, Sweets",0.6233581827246442
415,0,"Wines, Sweets, Fruits",0.7563168757824643
416,1,"Wines, Meat, Fruits",0.6565700100731856
417,0,"Meat, Gold, Fish",0.698139240933837
418,0,Meat,0.8827005764635752
419,2,"Meat, Gold, Sweets",0.6075483013135288
420,1,"Wines, Gold, Fish",0.7013114731766037
421,1,"Wines, Meat, Gold",0.7246937559396176
422,1,"Wines, Meat, Gold",0.8151800841137223
423,0,"Meat, Fish, Gold",0.8717194322184398
424,0,"Sweets, Gold, Fish",0.7934314129889684
425,3,"Wines, Meat, Gold",0.8865377060527392
426,0,"Wines, Gold",0.8435626273385569
427,2,No uplift product,-0.00677313652932833
428,1,"Wines, Meat, Gold",0.7087324852895723
429,2,"Wines, Fruits",0.6025969941072349
430,0,"Meat, Gold, Fish",0.7999656279662261
431,2,No uplift product,0.227223708584455
432,2,"Wines, Meat",0.6086534778230005
433,2,"Wines, Fish",0.6578646220102615
434,1,"Gold, Wines, Fish",0.680343317677307
435,3,"Wines, Meat, Gold",0.5610483585982472
436,2,"Wines, Gold, Fish",0.5403797034790014
437,2,No uplift product,0.3578684380047768
438,1,"Gold, Meat, Fish",0.6911059935578516
439,1,"Wines, Meat, Gold",0.7385733165986219
440,1,"Wines, Gold, Meat",0.8340668165742638
441,3,"Wines, Gold, Sweets",0.4694475476849691
442,1,No uplift product,0.38724984056806966
443,1,"Wines, Gold, Meat",0.7742265180515341
444,1,"Wines, Meat, Gold",0.5686537249007616
445,1,"Wines, Meat, Gold",0.5371902091009575
446,1,"Gold, Sweets",0.5993026260676819
447,0,"Wines, Gold, Fish",0.8550802389779679
448,1,"Wines, Meat, Gold",0.7655462781104597
449,2,No uplift product,0.2677954045950945
450,2,"Wines, Gold, Fruits",0.6119180709414515
451,2,"Gold, Meat",0.7144678205240454
452,1,"Wines, Gold, Sweets",0.7016086839184544
453,3,No uplift product,0.4415994770219243
454,2,"Gold, Wines, Fish",0.7878561242597364
455,3,Sweets,0.6894329287033572
456,0,"Fruits, Gold, Wines",0.8115126650546045
457,1,Fish,0.562647306476263
458,3,No uplift product,0.33172219589697294
459,0,"Wines, Gold, Meat",0.6950325881953204
460,2,No uplift product,0.36919792127367906
461,0,"Wines, Meat, Fruits",0.8225164223299026
462,3,No uplift product,0.30891604619894625
463,0,"Wines, Meat",0.8490118210998949
464,1,"Wines, Fruits",0.7079754659576195
465,0,"Fish, Gold, Meat",0.8365814271064929
466,0,"Fish, Gold, Meat",0.8347362172843713
467,1,"Wines, Meat, Gold",0.7244977672190958
468,3,Gold,0.52669464167352
469,2,No uplift product,0.3693098696185473
470,2,No uplift product,0.7394385509958569
471,1,"Wines, Meat, Gold",0.789354449855042
472,2,"Gold, Meat, Fish",0.47333195430260416
473,3,"Wines, Meat, Gold",0.7455083104403064
474,1,"Wines, Meat, Gold",0.7482923009108519
475,2,"Wines, Fruits",0.8827296677089849
476,3,"Wines, Meat, Gold",0.6845182745234087
477,3,No uplift product,0.11447630858451807
478,2,"Wines, Meat, Fish",0.5961613569480798
479,2,No uplift product,0.2296878352180256
480,1,"Wines, Fish, Meat",0.7881210297858553
481,1,"Gold, Meat, Wines",0.8031664395294198
482,1,No uplift product,0.5451728310861897
483,3,No uplift product,0.39740638393214334
484,0,"Meat, Wines, Gold",0.7120086100440022
485,0,"Meat, Wines, Gold",0.8212339602899064
486,2,No uplift product,0.3346102764589164
487,2,"Meat, Sweets, Fish",0.6109163396044943
488,1,"Wines, Meat, Gold",0.7669743413719825
489,1,No uplift product,0.30999501437215127
490,2,Fruits,0.5544952480189035
491,1,"Fruits, Gold, Sweets",0.4166053025354219
492,0,"Meat, Fruits, Gold",0.7545381749804079
493,2,No uplift product,0.25921739797269894
494,0,"Meat, Wines, Fish",0.5276517245060487
495,2,"Wines, Gold, Fish",0.558006771586609
496,1,No uplift product,0.20768571803449204
497,2,No uplift product,0.38870363779473
498,2,"Gold, Fruits, Sweets",0.5886515725603481
499,0,"Meat, Wines, Gold",0.6545573885641744
500,3,"Wines, Meat, Sweets",0.7208397014142153
501,3,"Wines, Meat, Gold",0.5078640086712594
502,1,"Wines, Meat",0.5244630866614649
503,2,No uplift product,0.23377204352932537
504,3,"Wines, Meat, Gold",0.5610483585982472
505,0,"Meat, Fish, Sweets",0.6445457528424454
506,0,No uplift product,0.3443080370506124
507,0,"Meat, Wines, Sweets",0.8288689050991992
508,1,"Fish, Fruits, Wines",0.5584439406548458
509,2,"Wines, Meat, Gold",0.6828048806473119
510,1,"Fish, Sweets, Fruits",0.5993957992651842
511,2,Wines,0.45224982519755713
512,3,Gold,0.62318525175298
513,0,"Meat, Fish, Gold",0.8619790782878295
514,3,No uplift product,0.36699794339895564
515,0,"Gold, Fruits, Fish",0.9254052908487584
516,3,"Wines, Fruits, Fish",0.7849091381230633
517,1,"Wines, Meat, Gold",0.8083314861916597
518,0,"Wines, Meat, Fish",0.8231190898033065
519,0,"Gold, Fish, Sweets",0.7559057495991522
520,3,"Wines, Meat, Gold",0.7662473314648025
521,0,"Meat, Sweets, Fish",0.684750791909306
522,1,No uplift product,0.32014683888714435
523,0,"Meat, Fish, Sweets",0.6893546951439237
524,1,"Fruits, Wines",0.6545721153845763
525,1,"Wines, Gold, Meat",0.7640060010507911
526,0,"Meat, Fish, Gold",0.8656168885841767
527,0,"Wines, Meat, Fruits",0.6018879928292374
528,0,"Meat, Sweets",0.643084081499093
529,3,No uplift product,0.702927371947116
530,2,No uplift product,0.3097463342068357
531,0,"Meat, Gold, Sweets",0.45637429055136547
532,3,"Gold, Meat, Fish",0.5071354126058072
533,3,Fish,0.7383307872771884
534,1,"Wines, Gold, Fish",0.8091423691071836
535,3,No uplift product,0.3908407146734838
536,3,"Meat, Wines, Gold",0.45124124355677636
537,0,"Meat, Wines, Gold",0.7156780668738201
538,3,No uplift product,0.2920369964300601
539,1,"Wines, Meat, Fish",0.8072719736245408
540,1,"Wines, Meat, Sweets",0.7284485536319313
541,1,No uplift product,0.18168531823425227
542,1,"Fish, Sweets, Fruits",0.49715469270117857
543,0,"Fish, Gold, Meat",0.8244830327559454
544,2,"Wines, Gold, Fruits",0.46897142109199064
545,1,"Wines, Meat, Gold",0.6267504901842571
546,0,"Wines, Fish, Gold",0.8418280539503662
547,1,Gold,0.6437471204490322
548,3,"Wines, Meat, Fish",0.8633286645527829
549,3,"Wines, Meat, Gold",0.8780184144169108
550,3,"Wines, Meat, Fish",0.6059258743560318
551,1,"Wines, Sweets, Meat",0.7070051263343652
552,2,No uplift product,0.33872679266128053
553,1,"Wines, Fruits",0.4872977751786473
554,0,"Wines, Fruits, Gold",0.7791090752290175
555,3,Gold,0.6734765649437224
556,2,No uplift product,0.13134453079384975
557,0,"Fish, Wines",0.8729772327811207
558,1,"Wines, Meat, Fruits",0.5165984039862517
559,2,Gold,0.47852872301626304
560,1,"Meat, Gold, Wines",0.6618201032975275
561,0,"Wines, Fish, Gold",0.8855336249946122
562,2,"Wines, Meat, Sweets",0.6926618799976187
563,2,Wines,0.5659399344619412
564,3,No uplift product,0.08200592989521306
565,3,"Fish, Fruits, Sweets",0.43376617461217454
566,2,"Gold, Fruits, Meat",0.5654060876293379
567,3,"Wines, Meat, Gold",0.878659794428694
568,1,"Meat, Wines, Gold",0.4426082958180934
569,3,"Wines, Meat, Gold",0.7791765034737163
570,2,"Wines, Meat, Fruits",0.43894357722323224
571,3,"Wines, Meat, Gold",0.925801590265195
572,1,No uplift product,0.6491043790874902
573,3,No uplift product,0.30861440541780366
574,1,"Gold, Wines, Sweets",0.8514406067115157
575,2,"Gold, Fish, Meat",0.7259013291280065
576,3,"Meat, Fruits, Sweets",0.7942574102581716
577,3,"Wines, Meat, Gold",0.8510509170274079
578,3,"Wines, Meat, Gold",0.924820171055391
579,3,"Gold, Sweets",0.7399180908800987
580,3,"Meat, Gold, Fish",0.7098693669551349
581,2,"Wines, Meat, Fruits",0.5452478936013317
582,3,"Wines, Meat, Gold",0.7896985068862227
583,1,"Meat, Fish",0.41590990497380137
584,1,"Meat, Gold, Fish",0.7076350736575959
585,3,"Wines, Meat, Gold",0.7156065075101413
586,0,"Sweets, Fish, Fruits",0.8190160729104909
587,2,"Wines, Gold",0.47443284875470315
588,3,No uplift product,0.2607571628430243
589,1,No uplift product,0.38758715755626183
590,1,"Wines, Fruits, Fish",0.7610260589224922
591,0,Gold,0.8388922140293606
592,0,Wines,0.8610101148317755
593,1,"Meat, Wines, Sweets",0.6436906657822644
594,0,"Wines, Meat, Fish",0.7366547066801163
595,1,"Wines, Meat, Fish",0.7733510186646695
596,1,"Wines, Meat, Sweets",0.7038281020868571
597,3,"Wines, Meat, Gold",0.8841235444417065
598,1,"Wines, Meat, Gold",0.7054698657974352
599,1,"Gold, Fish, Wines",0.6731835411978176
600,1,No uplift product,0.391412742707749
601,2,"Meat, Fish, Sweets",0.7012502135963313
602,0,"Wines, Fruits, Fish",0.8233874758092028
603,2,"Wines, Meat, Fish",0.6718682931171704
604,3,"Wines, Meat, Fish",0.8256599982018815
605,1,"Fish, Sweets",0.68096386269119
606,1,No uplift product,0.28149508047354077
607,3,"Wines, Meat, Gold",0.7860212516287309
608,1,"Wines, Meat, Gold",0.4167981554823664
609,0,"Wines, Fruits, Gold",0.7924985630311716
610,1,No uplift product,0.4016043102936414
611,1,No uplift product,0.037217973079547245
612,1,"Wines, Meat, Fish",0.753200042062316
613,3,"Wines, Meat, Gold",0.8673500081763693
614,0,"Wines, Meat, Gold",0.6317637107221318
615,3,No uplift product,0.6511564613236146
616,3,"Wines, Meat, Gold",0.7795639825405956
617,3,No uplift product,0.3049814306195583
618,3,"Wines, Meat, Gold",0.5947868306847349
619,3,No uplift product,0.20082480100125052
620,3,No uplift product,0.30475166108501395
621,1,"Wines, Meat",0.5065849203988348
622,0,"Meat, Sweets, Gold",0.7404741886425492
623,1,"Wines, Gold, Meat",0.7415286514424959
624,0,"Wines, Meat, Fruits",0.7496074413698753
625,1,"Wines, Gold, Meat",0.7186594884851067
626,0,"Wines, Sweets, Fruits",0.43686937743003285
627,2,"Gold, Fruits",0.766005501255959
628,3,"Wines, Gold, Sweets",0.5593674393502426
629,1,"Gold, Sweets, Fruits",0.6496514359017116
630,2,No uplift product,0.37411862560907894
631,0,"Meat, Fish, Sweets",0.738325531636236
632,2,Wines,0.5659399344619412
633,1,"Wines, Meat, Sweets",0.43434919350701395
634,0,"Wines, Fish, Fruits",0.8805487997093908
635,3,"Wines, Meat, Gold",0.773460723591435
636,0,"Wines, Fish, Fruits",0.813326978554929
637,2,No uplift product,0.31178334153680787
638,2,Gold,0.7604008891428069
639,2,Fruits,0.5415426721888872
640,2,"Meat, Fish",0.6767173644012774
641,0,"Fish, Sweets, Gold",0.7953780421052014
642,2,"Meat, Gold, Fish",0.7213556516583562
643,2,No uplift product,0.24170507837180993
644,0,"Fish, Sweets",0.737645508664585
645,3,"Gold, Fruits",0.7266328690372482
646,0,"Meat, Sweets",0.8591101577170961
647,1,No uplift product,0.3872630128153099
648,2,"Fruits, Meat, Gold",0.6283741441416613
649,2,"Wines, Meat, Fruits",0.5775212841832567
650,0,"Fruits, Gold",0.8934345500040394
651,1,"Wines, Gold, Meat",0.757468499411861
652,2,"Gold, Fish",0.8737810599374197
653,3,"Wines, Gold, Fish",0.43826895693358026
654,2,No uplift product,0.34274363395716645
655,1,No uplift product,-0.039821144730565014
656,3,"Fish, Meat, Fruits",0.46140408239596964
657,1,No uplift product,0.2950473183307152
658,2,"Wines, Fish, Gold",0.6804488197096255
659,3,"Fruits, Sweets, Fish",0.806852570856105
660,2,"Meat, Gold, Fish",0.7506340631076825
661,1,"Wines, Meat, Gold",0.8201012341182466
662,2,Wines,0.43963796028464996
663,1,"Wines, Meat, Gold",0.5756685822219734
664,1,"Wines, Gold, Meat",0.4913396098644718
665,1,"Wines, Meat, Fruits",0.5207995139397779
666,3,"Wines, Meat, Gold",0.5176083253806516
667,1,"Wines, Meat, Sweets",0.76666332081723
668,1,"Meat, Gold, Fish",0.8312978663223756
669,3,No uplift product,0.6724631745751448
670,2,"Wines, Gold",0.7461073263539644
671,2,"Wines, Meat, Fish",0.6149436641193193
672,2,Wines,0.4807425369015501
673,2,"Wines, Meat, Gold",0.5175989379990605
674,2,No uplift product,0.28177238835658147
675,3,"Wines, Meat, Gold",0.6460745399588554
676,2,"Meat, Gold, Sweets",0.7160490195165871
677,0,"Wines, Meat, Fish",0.6960749497209154
678,1,"Sweets, Fruits, Gold",0.6045893015560562
679,0,"Meat, Wines, Gold",0.7178738771192892
680,2,"Meat, Fish, Sweets",0.4799624434197999
681,0,Meat,0.6966776414820324
682,1,No uplift product,0.28303018741390235
683,3,Fish,0.4533282385341164
684,0,"Fish, Wines, Sweets",0.7903483017532134
685,2,"Wines, Meat, Fruits",0.4201519905657628
686,0,Gold,0.8503522292736656
687,0,"Wines, Fish, Gold",0.42983735769289555
688,0,"Fish, Gold, Sweets",0.7763474247520634
689,0,"Wines, Sweets, Fish",0.769079764361484
690,2,"Meat, Wines, Gold",0.4814468232686937
691,0,"Meat, Wines, Fruits",0.7497397853126541
692,3,No uplift product,0.37849210667689837
693,1,"Wines, Meat, Gold",0.4676657138177691
694,3,"Wines, Meat, Fish",0.665019304961616
695,3,"Meat, Gold, Fish",0.6462308201614607
696,1,"Wines, Meat, Gold",0.5841673849742947
697,3,"Wines, Gold, Fruits",0.7344628133204271
698,0,"Wines, Meat, Fruits",0.6011653606532252
699,0,"Wines, Meat, Sweets",0.7707035344738278
700,2,"Wines, Gold, Fruits",0.4765249680383424
701,2,No uplift product,0.07124958480052151
702,2,"Fish, Sweets, Fruits",0.47851612153896933
703,0,"Meat, Fish, Gold",0.7923925166757761
704,1,"Gold, Meat",0.602150690085057
705,2,No uplift product,0.29619031590194095
706,1,"Meat, Wines, Fruits",0.5288176128136137
707,2,"Meat, Gold, Sweets",0.4648327917978716
708,2,No uplift product,0.2899638704055387
709,1,"Meat, Wines, Fish",0.7319891674663481
710,1,"Wines, Meat, Gold",0.843765152746912
711,2,"Meat, Sweets, Fish",0.7447108415808504
712,1,"Wines, Meat",0.6881678963398378
713,0,"Wines, Meat, Fish",0.682580025089901
714,1,Gold,0.5386728834192207
715,0,"Meat, Fruits",0.7588090880984827
716,0,"Wines, Fruits, Fish",0.7300552330659061
717,1,"Wines, Gold, Meat",0.8106920668198525
718,2,"Wines, Fish",0.7822616116040777
719,3,"Wines, Meat, Gold",0.7031153683443028
720,2,"Gold, Fish, Fruits",0.4821490664320203
721,2,No uplift product,0.14575033713484659
722,1,"Wines, Meat, Gold",0.8202123999076141
723,0,Wines,0.814890363617769
724,1,"Wines, Meat, Fruits",0.6142372545965273
725,3,"Wines, Meat, Gold",0.47882262019095917
726,0,"Wines, Fruits, Gold",0.8637850830015448
727,0,"Wines, Meat, Sweets",0.8658569176403559
728,3,"Fruits, Sweets",0.6960271972468588
729,0,"Meat, Wines, Fruits",0.6800462151873545
730,3,"Wines, Meat, Gold",0.7218179623752596
731,2,"Wines, Meat, Fish",0.5526645826609969
732,2,"Wines, Meat, Fish",0.4927203207433005
733,3,"Fruits, Sweets",0.7634707774477061
734,2,No uplift product,0.29906981418228296
735,0,"Gold, Fruits, Fish",0.8177476950127691
736,2,Wines,0.602595414191676
737,3,No uplift product,0.24348362751028524
738,1,"Wines, Meat, Gold",0.803573788006206
739,2,"Wines, Sweets",0.6531726910904991
740,2,"Meat, Gold, Fish",0.6629907531760362
741,3,"Wines, Meat, Fruits",0.8540424411629167
742,3,"Wines, Meat, Gold",0.8387016414295102
743,1,"Wines, Meat",0.6424798713138351
744,0,"Wines, Meat, Fruits",0.7919329331832621
745,0,"Meat, Sweets, Fruits",0.8548422241364302
746,1,"Wines, Meat, Gold",0.6738866280729784
747,0,"Wines, Meat, Fruits",0.761470500183813
748,1,"Wines, Meat, Fish",0.7886622034916229
749,0,"Meat, Fish, Sweets",0.611673999933318
750,0,"Wines, Fish, Fruits",0.829511545771301
751,3,No uplift product,0.18743668372081312
752,2,Wines,0.43963796028464996
753,0,"Fish, Sweets, Gold",0.7162971256484856
754,0,Meat,0.8082455242599884
755,0,"Wines, Meat, Fruits",0.6549833435154272
756,2,"Gold, Fish, Sweets",0.730474903876885
757,2,"Meat, Sweets, Fish",0.5945179461869832
758,1,"Fish, Fruits, Meat",0.6015848182012505
759,3,"Meat, Wines, Fish",0.49435703786484064
760,1,"Wines, Gold, Meat",0.6714568794811768
761,2,No uplift product,0.37280481768727475
762,0,"Meat, Gold",0.7914818160848041
763,1,"Meat, Fish, Sweets",0.7970910847492513
764,0,"Wines, Meat, Fish",0.7193684306558435
765,3,"Sweets, Fish, Fruits",0.43786692999411103
766,0,"Sweets, Wines, Fruits",0.792461897593256
767,0,"Meat, Wines",0.6200056001244356
768,3,No uplift product,0.3685917039103635
769,2,"Wines, Meat, Sweets",0.6671757172509261
770,2,"Wines, Sweets, Fruits",0.4736027149948311
771,0,"Meat, Sweets",0.8148374649554019
772,2,"Wines, Meat, Fruits",0.5142977030124061
773,3,"Wines, Meat, Gold",0.8410032585167785
774,1,"Meat, Fish, Gold",0.4563995248083298
775,3,"Wines, Meat, Gold",0.8092239743274818
776,1,No uplift product,0.32914393895842764
777,0,"Gold, Meat, Sweets",0.7371517604885669
778,3,"Wines, Meat, Gold",0.69668333689119
779,0,"Wines, Fruits",0.4788217830944971
780,0,"Wines, Gold, Fruits",0.8178167731571082
781,3,"Wines, Meat, Gold",0.8243002989312201
782,1,"Wines, Meat, Gold",0.7513999731158056
783,1,"Wines, Meat, Gold",0.7164596843551911
784,1,"Wines, Gold, Meat",0.808966633705831
785,1,"Wines, Meat, Fish",0.6983982451564315
786,3,"Wines, Meat, Gold",0.8109404067546823
787,2,"Wines, Sweets, Fish",0.4984728718271486
788,2,No uplift product,0.13931581886933592
789,2,No uplift product,0.35963364451432256
790,0,"Wines, Fish, Gold",0.7308742031191642
791,0,"Wines, Fish, Gold",0.7861258772428599
792,1,"Wines, Meat, Gold",0.4451641308341695
793,3,"Gold, Fruits, Sweets",0.7170647516030222
794,1,No uplift product,0.03938420898951534
795,1,No uplift product,0.23757464310118145
796,2,"Wines, Meat, Gold",0.5426993282660522
797,2,Sweets,0.6044412682438449
798,0,Gold,0.8817243871867713
799,1,"Gold, Wines, Meat",0.7084502116487481
800,2,"Wines, Gold, Fruits",0.5357559438295453
801,3,"Wines, Meat, Gold",0.6912052722992992
802,3,"Wines, Meat",0.8254530053544806
803,0,"Meat, Fish, Gold",0.8088324067777727
804,0,"Meat, Gold, Fruits",0.596370526302469
805,3,"Fish, Fruits, Meat",0.5411885367233948
806,3,No uplift product,0.39374340033776767
807,2,No uplift product,0.38374844703034217
808,2,"Fish, Sweets, Meat",0.4628663709830904
809,0,"Fruits, Wines",0.49375084796501184
810,1,"Wines, Meat, Fish",0.5715999673569578
811,1,"Wines, Meat, Gold",0.7387994914836871
812,0,"Wines, Meat, Fish",0.708827541106601
813,2,"Wines, Fruits, Gold",0.7273787576090063
814,0,"Wines, Gold, Fish",0.8441356186003056
815,3,No uplift product,0.09855464958294011
816,3,"Wines, Meat, Gold",0.7957167843358126
817,2,No uplift product,-0.0164125995369504
818,2,"Meat, Fish, Sweets",0.5307558659053105
819,1,"Wines, Meat, Gold",0.7674845797050759
820,0,"Fish, Gold, Fruits",0.8479826345269821
821,1,"Wines, Meat, Gold",0.8175387358032595
822,0,"Meat, Wines, Fish",0.5856390852557755
823,1,"Wines, Fruits",0.4872977751786473
824,2,Gold,0.47852872301626304
825,2,"Gold, Fish",0.5784965703891963
826,2,"Gold, Sweets, Fish",0.5033975159869553
827,3,"Wines, Meat, Gold",0.821243973637234
828,2,"Gold, Fruits",0.4692969399085711
829,1,"Wines, Meat, Gold",0.7838732444204415
830,3,"Wines, Gold, Sweets",0.6812615057797732
831,0,"Meat, Wines, Fish",0.5165411529647748
832,2,"Wines, Meat, Gold",0.6846925332601433
833,1,"Wines, Meat, Fish",0.7249687850701131
834,3,"Wines, Meat, Gold",0.796246271623528
835,2,Wines,0.8324065774008829
836,1,"Fish, Sweets",0.48836801535750207
837,0,"Fish, Wines, Sweets",0.8182434788804538
838,1,"Meat, Gold, Fish",0.42174598913555084
839,2,No uplift product,0.31960417727966395
840,3,"Wines, Meat",0.828622161565766
841,2,No uplift product,0.26797754154785597
842,1,"Wines, Meat",0.6062337536434392
843,1,"Wines, Gold, Sweets",0.6769088785187535
844,0,"Wines, Sweets, Meat",0.7344355740745203
845,0,Sweets,0.8977792887030311
846,0,"Fish, Meat, Sweets",0.6685213781359337
847,2,"Fish, Meat, Sweets",0.6657240185102135
848,3,No uplift product,0.21146041550940986
849,3,"Wines, Meat, Fish",0.5543008620033936
850,1,No uplift product,0.06282159529024983
851,2,"Wines, Meat, Gold",0.5085128586497327
852,0,"Wines, Gold, Fruits",0.7988872431459029
853,3,"Wines, Meat, Gold",0.8834304206490429
854,3,No uplift product,0.22909167746097378
855,2,"Wines, Sweets",0.7369234004770772
856,3,"Wines, Meat, Gold",0.49642444501140864
857,2,No uplift product,0.1443478198779294
858,3,"Wines, Meat, Gold",0.8008265880284295
859,0,"Meat, Fish, Fruits",0.7365493824450624
860,1,"Wines, Gold, Meat",0.7488072210068606
861,3,"Fish, Sweets, Fruits",0.7293585156061418
862,1,"Wines, Meat, Gold",0.6306782396772563
863,1,No uplift product,0.3851570152870942
864,1,No uplift product,0.4537330002074661
865,3,No uplift product,0.19509173901367285
866,2,No uplift product,0.3217858954574755
867,1,"Wines, Meat, Gold",0.7286738703771305
868,2,No uplift product,0.3099849985897365
869,1,"Wines, Meat, Gold",0.7319998677840118
870,0,"Gold, Fish, Sweets",0.8086994823055251
871,2,No uplift product,0.29228313701327563
872,1,"Wines, Gold, Meat",0.6795246514441008
873,3,Wines,0.5745004586772569
874,2,No uplift product,0.11290897155877494
875,0,"Fruits, Gold",0.805883823169474
876,2,"Wines, Meat, Fish",0.4047668713209996
877,1,"Wines, Sweets",0.7175920147885991
878,0,"Wines, Sweets, Fish",0.8541096118603403
879,1,"Wines, Gold",0.6295176549694399
880,1,"Wines, Meat, Fish",0.7049282025427286
881,1,No uplift product,0.3876054535989246
882,1,"Wines, Meat, Gold",0.5902128537129081
883,3,"Wines, Gold, Meat",0.6942237021848846
884,0,Gold,0.8503522292736656
885,0,Fruits,0.8185174899887944
886,3,"Fish, Gold, Fruits",0.664707008483936
887,3,"Wines, Meat, Gold",0.912745669069338
888,2,"Wines, Meat, Fruits",0.5711108963219138
889,0,"Meat, Sweets, Gold",0.7538149104780935
890,1,"Fish, Meat, Sweets",0.7471384819901529
891,2,No uplift product,0.38469955331125416
892,0,"Wines, Fish, Fruits",0.7846418140197738
893,1,"Wines, Meat, Gold",0.7678661283338735
894,0,"Meat, Wines, Fruits",0.6139534273282791
895,2,"Meat, Sweets, Fish",0.49212234764133267
896,2,"Wines, Meat",0.404565802536664
897,0,No uplift product,0.398111461607356
898,1,"Gold, Sweets",0.4435574955832119
899,1,"Wines, Meat, Fish",0.7400204848570286
900,0,"Wines, Fish, Fruits",0.8133919613307012
901,1,No uplift product,0.11627167912977318
902,0,"Wines, Fish, Meat",0.8351080982830752
903,0,"Wines, Meat, Sweets",0.6311138086094128
904,3,Fish,0.7570373114490253
905,0,"Wines, Meat, Sweets",0.809116169848719
906,0,"Wines, Fish, Sweets",0.8435342447180134
907,1,"Wines, Meat, Gold",0.7361836822464506
908,1,"Gold, Fish, Fruits",0.5708907681279528
909,1,No uplift product,0.36910927338074734
910,0,"Gold, Sweets, Fruits",0.8920534316779082
911,0,"Fruits, Gold, Wines",0.7551250570348741
912,2,"Meat, Fish, Sweets",0.7760068597854807
913,1,"Fruits, Fish",0.7015623207604728
914,0,"Gold, Sweets, Fruits",0.7593789392932767
915,0,"Wines, Meat, Gold",0.7753308817485212
916,0,"Meat, Sweets, Gold",0.7877085151535543
917,0,"Fish, Gold, Meat",0.8244830327559454
918,3,No uplift product,0.10681600619795299
919,0,"Sweets, Gold, Fruits",0.8857117625325053
920,3,"Wines, Meat, Gold",0.861984924834784
921,0,"Wines, Sweets, Fruits",0.7704013813966415
922,1,"Wines, Fish, Meat",0.7049672826302466
923,3,"Wines, Meat, Fish",0.8424414961139487
924,0,No uplift product,0.30335328003796524
925,1,No uplift product,0.3127990306334622
926,0,"Wines, Meat, Sweets",0.8059411580380883
927,0,Sweets,0.7929368842419071
928,0,"Wines, Meat, Fish",0.7249240838854167
929,2,No uplift product,0.37132447493629434
930,0,"Wines, Fruits, Gold",0.8506815153369124
931,1,Wines,0.5492045742478169
932,2,"Meat, Sweets, Fruits",0.6708702562987292
933,1,"Wines, Meat, Gold",0.743867280341877
934,0,"Wines, Meat, Fish",0.7193684306558435
935,1,"Gold, Meat, Wines",0.6972627347492332
936,0,"Wines, Meat, Fruits",0.7058387980302352
937,2,"Gold, Fruits, Fish",0.8197532932575173
938,2,"Wines, Fish, Fruits",0.676564471122017
939,2,No uplift product,0.1859002320367424
940,2,Wines,0.475012623705435
941,2,"Meat, Sweets, Fish",0.718069314383959
942,0,"Wines, Fish",0.7594749186990222
943,0,"Fruits, Sweets",0.8450153161485437
944,1,"Wines, Meat, Gold",0.5562552963376266
945,0,"Meat, Fish, Sweets",0.549133875589074
946,2,No uplift product,0.28695620169687
947,3,No uplift product,0.43556543803101017
948,1,"Wines, Fish, Meat",0.5991170552349777
949,2,No uplift product,0.3026504799058007
950,1,"Wines, Meat, Fish",0.6746489499300303
951,3,"Wines, Meat, Fish",0.8362167123722672
952,3,"Wines, Sweets, Fish",0.6393456688933417
953,1,"Wines, Sweets, Fruits",0.5902398960318289
954,3,"Wines, Meat, Fruits",0.79265612731626
955,3,"Wines, Gold, Meat",0.7770642533889507
956,2,"Wines, Meat, Fish",0.4890606101748301
957,2,"Wines, Fruits",0.5481765700768247
958,3,"Wines, Meat, Gold",0.7923459083392731
959,2,"Wines, Meat, Fish",0.4016297503067031
960,2,"Fish, Meat",0.549235235862691
961,2,No uplift product,0.38277378575439497
962,1,"Wines, Meat, Gold",0.6647334246119138
963,3,"Gold, Wines, Fish",0.46723100079881086
964,3,Gold,0.638632435745047
965,2,"Wines, Fish",0.5953656571612018
966,0,"Fish, Fruits, Sweets",0.9240670211027296
967,1,"Fish, Gold, Fruits",0.6551789488884836
968,1,"Meat, Wines, Gold",0.8585678213256598
969,2,No uplift product,0.35207432706553454
970,0,"Wines, Meat, Fish",0.7801515495035536
971,3,"Wines, Meat, Gold",0.8274504335943507
972,1,"Wines, Fish, Fruits",0.6762507504883996
973,2,No uplift product,0.34636728983246123
974,0,"Gold, Fish, Meat",0.832562588963288
975,0,"Wines, Gold, Fruits",0.7804485170096713
976,0,"Gold, Sweets, Meat",0.7954154533399652
977,3,"Fruits, Sweets",0.6960271972468588
978,3,"Wines, Meat, Fish",0.8713542802746073
979,2,"Meat, Sweets, Fish",0.7865510372932736
980,3,"Wines, Meat, Gold",0.6353372580191429
981,1,"Wines, Meat, Gold",0.6253233191027799
982,1,"Wines, Fish, Meat",0.8200771913077063
983,2,"Gold, Fish",0.6759812378706918
984,0,"Meat, Sweets",0.8021924741201771
985,3,No uplift product,0.16766525388383624
986,0,"Fish, Gold, Sweets",0.8639225083996972
987,0,"Fruits, Fish",0.8240653458012173
988,0,"Wines, Fruits, Sweets",0.8252788837013352
989,3,"Wines, Meat, Gold",0.6858087938201902
990,0,"Meat, Fish, Fruits",0.8045879426002615
991,1,"Wines, Meat, Gold",0.7243370125006333
992,2,No uplift product,0.274986720286123
993,2,No uplift product,0.1267298524856842
994,3,"Wines, Meat, Fish",0.622756707859784
995,1,"Wines, Meat, Gold",0.5841673849742947
996,0,"Gold, Fruits, Sweets",0.7647520931674954
997,3,"Wines, Meat",0.8511948810972434
998,2,No uplift product,0.27376085633978725
999,3,No uplift product,0.14473179441082243
1000,2,"Wines, Sweets, Gold",0.5216703798925442
1001,0,"Gold, Sweets, Fruits",0.749162315408804
1002,2,"Wines, Meat, Sweets",0.4050040439482598
1003,1,"Wines, Meat, Fish",0.8023518673415897
1004,3,"Fish, Fruits, Sweets",0.44922060739433
1005,2,No uplift product,0.34418314193956345
1006,2,"Wines, Fish, Gold",0.6272233443400224
1007,0,"Meat, Sweets, Fruits",0.8548422241364302
1008,3,"Wines, Meat, Fish",0.8633286645527829
1009,3,"Wines, Meat, Gold",0.7607500198779137
1010,2,Fruits,0.624990732485612
1011,3,No uplift product,0.3659525367509187
1012,1,Fish,0.43276322810370327
1013,3,"Wines, Meat, Fruits",0.40284979241121355
1014,3,"Wines, Meat, Gold",0.8582887100598493
1015,0,"Wines, Meat, Fish",0.5973807368832694
1016,0,Meat,0.7688850250509828
1017,1,No uplift product,0.09412527194117666
1018,1,"Wines, Meat, Gold",0.7024798665094546
1019,1,"Wines, Meat, Gold",0.5442633491995651
1020,1,"Gold, Fish, Sweets",0.6004728941088231
1021,1,"Gold, Fish, Sweets",0.7969775466322665
1022,2,"Sweets, Fish, Meat",0.6577171705199263
1023,3,"Wines, Meat, Gold",0.5434113918016564
1024,1,"Wines, Meat, Sweets",0.7549571590104152
1025,2,"Wines, Meat",0.6467771803304934
1026,1,"Wines, Fish",0.7962554372125648
1027,1,"Wines, Meat",0.7464319173372671
1028,1,No uplift product,0.2823337481528297
1029,2,"Gold, Sweets, Meat",0.8010589831820998
1030,0,"Wines, Gold",0.8387171278086025
1031,0,"Gold, Wines",0.8569072636145121
1032,0,"Wines, Meat, Gold",0.730195258949131
1033,1,"Wines, Meat, Fish",0.6808902488153817
1034,0,"Wines, Fruits",0.8520049739507568
1035,1,No uplift product,0.4010366932982644
1036,3,"Wines, Meat, Fish",0.8840849617216566
1037,3,"Wines, Meat, Gold",0.6965761941627231
1038,1,"Meat, Gold, Fish",0.6591607352251244
1039,2,"Wines, Meat, Fruits",0.6260303902549327
1040,2,No uplift product,0.370693248257058
1041,3,"Wines, Meat, Gold",0.7706193805311933
1042,1,No uplift product,0.3881825198926542
1043,0,"Wines, Meat, Fruits",0.7299247910697041
1044,1,"Wines, Gold, Fish",0.7216420613381652
1045,1,No uplift product,0.27884097054443135
1046,3,Wines,0.4827642490259273
1047,2,"Wines, Gold",0.6060843716392558
1048,2,No uplift product,0.09894318685372162
1049,2,"Meat, Gold, Sweets",0.6538064920415663
1050,0,Meat,0.7688850250509828
1051,3,"Wines, Meat, Gold",0.835258276769011
1052,0,"Sweets, Fruits",0.7771370911919013
1053,3,"Wines, Meat, Fruits",0.5695926820527215
1054,1,"Wines, Meat, Gold",0.8655246718904882
1055,0,"Wines, Fish, Sweets",0.7680191783251867
1056,3,No uplift product,0.24794366881968102
1057,1,No uplift product,0.1272599002391789
1058,0,"Fish, Sweets, Fruits",0.812176910654161
1059,0,"Wines, Meat, Fruits",0.7316673429348499
1060,2,"Meat, Fish, Gold",0.5559811024306144
1061,2,"Sweets, Fish, Fruits",0.7761553852564737
1062,0,"Wines, Meat, Gold",0.5453071333541191
1063,3,"Wines, Meat, Fruits",0.7230167743368702
1064,3,No uplift product,0.08724025203374003
1065,3,"Wines, Meat, Fish",0.7608885518551014
1066,0,"Wines, Sweets",0.8028897083859402
1067,2,Fruits,0.6781027860880835
1068,1,"Wines, Meat, Gold",0.4668832342278639
1069,0,"Wines, Fish, Meat",0.7530264268604735
1070,1,"Gold, Meat, Wines",0.6972627347492332
1071,2,No uplift product,0.7439944282587264
1072,2,"Wines, Fish, Gold",0.7604777203667284
1073,3,"Wines, Meat, Gold",0.5335546739650634
1074,1,No uplift product,0.06113946917170726
1075,0,Fish,0.9079147570090909
1076,0,"Meat, Fish, Gold",0.882793124221849
1077,3,"Wines, Meat, Gold",0.7447272259535709
1078,1,No uplift product,0.28918171636101314
1079,1,"Wines, Meat, Gold",0.8309685452413675
1080,0,"Wines, Meat, Fish",0.7528118730315935
1081,1,No uplift product,0.2893644439046174
1082,0,"Wines, Fish, Fruits",0.739752817526676
1083,1,"Wines, Gold, Meat",0.6361056795024972
1084,0,"Sweets, Fruits",0.865363902154592
1085,2,"Sweets, Fruits, Meat",0.7055863484123343
1086,3,"Wines, Meat, Gold",0.665804689417032
1087,0,"Wines, Meat, Fruits",0.6600163142395244
1088,1,"Wines, Meat, Gold",0.6884557874863653
1089,0,"Wines, Meat, Sweets",0.7772189302935544
1090,0,"Fish, Fruits, Gold",0.8627673447175384
1091,1,"Meat, Gold",0.5909478644396258
1092,0,"Wines, Meat, Fish",0.8231190898033065
1093,3,"Wines, Gold, Meat",0.67361674985432
1094,3,"Meat, Gold, Fruits",0.7983212503479381
1095,2,No uplift product,0.1842156974830249
1096,2,No uplift product,0.1369639269007098
1097,0,"Wines, Meat, Gold",0.6653144354864021
1098,1,"Wines, Meat, Gold",0.8851633105437319
1099,2,"Gold, Meat, Sweets",0.6107053265391245
1100,0,"Gold, Meat",0.8874178480922104
1101,2,No uplift product,0.1680277415442381
1102,1,No uplift product,0.2954481908301354
1103,3,No uplift product,0.2922117795078402
1104,1,"Wines, Meat, Fruits",0.7395104326526355
1105,0,"Fish, Gold, Meat",0.8732769079965379
1106,3,"Wines, Meat, Gold",0.5007635594132074
1107,1,"Wines, Meat, Fruits",0.5165984039862517
1108,2,No uplift product,0.01575674126599294
1109,3,Gold,0.5998460977039423
1110,0,"Wines, Gold, Sweets",0.7593747286272214
1111,0,"Meat, Fish, Gold",0.5894481226869566
1112,3,"Wines, Meat, Gold",0.6879063722636609
1113,0,"Fruits, Gold",0.8934345500040394
1114,1,"Gold, Wines, Meat",0.8283806340615733
1115,2,"Fish, Meat, Sweets",0.4451477187277063
1116,1,"Wines, Meat, Fish",0.8044957704457758
1117,1,No uplift product,0.3853584429095663
1118,1,"Wines, Meat, Fish",0.5484975596698956
1119,2,"Meat, Gold, Sweets",0.4594612477673568
1120,2,"Wines, Gold, Sweets",0.4753323377779685
1121,1,"Gold, Fish, Fruits",0.7248176708853078
1122,3,Fruits,0.5943746654146385
1123,1,"Wines, Gold, Meat",0.5277554122619351
1124,3,No uplift product,0.3163916177844093
1125,3,"Fish, Fruits",0.4770328357181106
1126,2,No uplift product,0.518017462453599
1127,3,"Wines, Meat, Fruits",0.7656521544838326
1128,1,"Wines, Meat, Fish",0.5752159490182985
1129,0,"Wines, Fish, Fruits",0.7460651823799785
1130,2,"Meat, Sweets, Fish",0.5472160808263947
1131,3,"Wines, Meat, Gold",0.71423549598012
1132,1,"Wines, Meat, Fish",0.6395023961874796
1133,0,"Sweets, Fruits",0.42252250937023517
1134,0,"Fish, Sweets, Gold",0.8240688321308131
1135,3,No uplift product,0.20233264861756714
1136,3,"Wines, Gold, Fish",0.7540089762280726
1137,0,"Meat, Sweets, Gold",0.8836499795502084
1138,1,"Wines, Meat, Gold",0.5838519114914014
1139,3,No uplift product,0.3119059801108479
1140,2,"Wines, Meat, Gold",0.7192915730980856
1141,1,"Gold, Wines, Fruits",0.7012715254144619
1142,1,"Wines, Meat, Fish",0.6944228628613914
1143,1,No uplift product,0.3570369247458592
1144,0,"Meat, Wines, Fish",0.753958890384671
1145,1,"Gold, Fish, Fruits",0.6414062488547034
1146,1,"Fish, Sweets",0.6945990088342666
1147,2,"Wines, Gold, Fish",0.607924201175612
1148,3,No uplift product,0.26009801321148757
1149,1,"Wines, Meat, Fish",0.8086964505209844
1150,0,"Meat, Sweets, Gold",0.6230504982886542
1151,2,Gold,0.7503238143312424
1152,1,"Wines, Meat, Gold",0.5481264877429903
1153,0,"Fish, Fruits",0.853261267477097
1154,3,No uplift product,0.29422025480142816
1155,3,"Wines, Meat, Gold",0.697648980085334
1156,3,No uplift product,0.42418287030522434
1157,0,"Wines, Meat, Gold",0.6773149208202613
1158,0,"Gold, Sweets",0.71231490392576
1159,2,"Wines, Sweets",0.7591057370643352
1160,3,No uplift product,0.3942444943904875
1161,2,"Wines, Gold, Fish",0.607924201175612
1162,2,"Meat, Wines, Gold",0.5323395403921061
1163,0,"Wines, Fish, Sweets",0.7152976798827619
1164,3,"Meat, Gold, Fish",0.4999272729344959
1165,2,"Meat, Wines, Gold",0.6525401523479748
1166,3,No uplift product,0.3646347940875384
1167,3,"Wines, Gold",0.8332747898782128
1168,0,"Meat, Wines, Fish",0.7993820435598848
1169,0,"Wines, Meat, Fruits",0.844311951405776
1170,1,"Wines, Meat, Gold",0.6142130734652034
1171,1,"Wines, Meat, Gold",0.5686537249007616
1172,0,"Gold, Fish",0.5859641605607315
1173,3,"Fish, Sweets",0.6483499051033232
1174,1,"Wines, Meat, Fish",0.7456029447345591
1175,3,"Gold, Meat, Fruits",0.4452931364619411
1176,3,"Wines, Meat, Gold",0.7904650289995113
1177,2,No uplift product,0.2918253597687067
1178,3,"Wines, Meat, Fish",0.6339873294143892
1179,0,Fish,0.8095911797340303
1180,2,"Wines, Meat, Gold",0.615767783447092
1181,3,No uplift product,0.3876615091132043
1182,2,"Meat, Gold, Fish",0.5974113450896809
1183,3,"Wines, Meat",0.6113202192468457
1184,1,"Wines, Gold, Meat",0.7347679410145629
1185,1,"Wines, Meat, Gold",0.7406513853728351
1186,3,"Wines, Meat, Gold",0.8298515551003225
1187,2,"Meat, Gold, Fish",0.5422905067925153
1188,3,"Gold, Fruits, Sweets",0.4608110185886713
1189,3,"Wines, Meat, Fish",0.6706863867122151
1190,0,No uplift product,0.8453806649026876
1191,2,"Meat, Fruits, Gold",0.7136745823407147
1192,3,No uplift product,0.26725041093086394
1193,3,No uplift product,0.21313540110255733
1194,3,"Wines, Fruits, Fish",0.909527749310894
1195,2,"Meat, Sweets, Fish",0.5985303993954914
1196,3,No uplift product,0.3685917039103635
1197,2,No uplift product,0.23120390421959386
1198,0,"Meat, Fish, Fruits",0.7818793030895417
1199,0,No uplift product,0.24276699552929296
1200,3,Wines,0.6923772361840718
1201,2,"Wines, Meat",0.7812211695922541
1202,3,"Fish, Gold, Fruits",0.5046705250585182
1203,1,"Wines, Meat, Fish",0.7887076523876146
1204,0,"Wines, Gold, Sweets",0.8364736242996489
1205,2,"Meat, Gold, Fish",0.6253665927120049
1206,0,"Fish, Gold",0.8737544445288903
1207,1,"Wines, Meat, Gold",0.6186011487255902
1208,3,"Wines, Meat, Fish",0.7868773131364195
1209,3,"Meat, Fish, Wines",0.5632590420253393
1210,3,No uplift product,0.344469300960894
1211,2,No uplift product,0.38933876720745714
1212,2,Sweets,0.6155244597026821
1213,0,"Fish, Sweets, Gold",0.858663453202773
1214,3,Fish,0.6712206232420544
1215,3,"Wines, Fish",0.6825007856381973
1216,2,No uplift product,0.28986291421310184
1217,3,"Meat, Gold, Fish",0.7270336111764834
1218,0,"Fruits, Sweets, Gold",0.829754549153805
1219,1,No uplift product,0.31691351689415137
1220,1,"Wines, Meat, Fish",0.7015268143378987
1221,1,"Wines, Meat, Gold",0.8369983768473127
1222,0,"Meat, Wines, Fish",0.7315476241219563
1223,3,"Wines, Meat, Fish",0.7974909211590184
1224,3,"Wines, Meat, Gold",0.7390392642827966
1225,2,"Gold, Sweets, Fruits",0.6521127988171667
1226,0,"Meat, Fish, Sweets",0.5918511029594005
1227,1,"Wines, Meat, Fish",0.7226995959602838
1228,3,No uplift product,0.24693143531880157
1229,3,"Wines, Meat, Gold",0.9101603196362951
1230,3,"Gold, Sweets",0.6105908149480728
1231,1,"Gold, Meat, Wines",0.741124477163183
1232,1,No uplift product,0.23346924924926482
1233,1,"Wines, Gold, Fish",0.808265233840559
1234,1,"Wines, Meat, Fish",0.7566105601126293
1235,2,No uplift product,0.33220170285116973
1236,3,"Meat, Gold, Fish",0.4347777259847476
1237,0,"Fruits, Meat, Sweets",0.8558470915127098
1238,1,"Wines, Gold, Meat",0.8340668165742638
1239,3,"Gold, Fish, Sweets",0.7300587284906723
1240,1,"Wines, Meat, Gold",0.7595185013787733
1241,3,"Wines, Meat, Gold",0.8269083216739417
1242,0,"Meat, Wines, Fish",0.46140318284037124
1243,0,"Wines, Meat, Sweets",0.5941141251908582
1244,1,No uplift product,0.45124785467627265
1245,1,No uplift product,0.38262203900397224
1246,1,"Wines, Meat, Fish",0.7089717474684132
1247,3,"Wines, Meat, Gold",0.7995416585173203
1248,1,"Wines, Meat, Gold",0.8324236456222951
1249,2,"Gold, Meat, Sweets",0.6484627746442848
1250,0,"Fish, Sweets, Fruits",0.8235824205665497
1251,2,"Gold, Fish, Fruits",0.8078483536549071
1252,2,Gold,0.7449602308859746
1253,2,"Wines, Fish, Fruits",0.49018192658929827
1254,2,"Meat, Fish, Sweets",0.4799624434197999
1255,3,"Fruits, Fish",0.5417859684046589
1256,2,"Wines, Meat, Sweets",0.4000183752930899
1257,2,No uplift product,0.3518388142004377
1258,3,"Wines, Meat, Gold",0.8126147123744256
1259,0,Fruits,0.8664565285120874
1260,3,"Wines, Meat, Fruits",0.7230167743368702
1261,0,"Fish, Fruits, Sweets",0.7888560910616672
1262,0,"Meat, Gold, Fruits",0.844781931193534
1263,3,"Wines, Meat, Gold",0.9071690719059436
1264,3,"Wines, Meat, Fish",0.6815920981158661
1265,0,"Gold, Meat",0.8874178480922104
1266,2,"Wines, Fish, Meat",0.626255535637174
1267,1,"Meat, Wines, Fish",0.660064847953216
1268,3,"Gold, Fish, Fruits",0.4400341045678994
1269,0,"Fish, Sweets, Fruits",0.7660502486688974
1270,0,"Meat, Sweets, Fish",0.5485660780061101
1271,2,"Wines, Gold, Fruits",0.6013411819610075
1272,1,Fish,0.4758826924500325
1273,2,"Meat, Wines, Fish",0.6046065239021641
1274,1,"Wines, Gold, Fruits",0.6685866175568299
1275,2,"Meat, Fish, Sweets",0.6800103336670428
1276,1,"Wines, Meat, Gold",0.737098156108723
1277,3,"Wines, Gold, Fruits",0.8631315338634209
1278,0,"Meat, Fruits, Fish",0.8033369091394309
1279,3,No uplift product,0.30237347804539333
1280,0,Sweets,0.7930427609185438
1281,0,"Meat, Fruits",0.584999319766447
1282,3,"Wines, Gold, Meat",0.7981173552054366
1283,1,No uplift product,0.052696643564274524
1284,1,No uplift product,0.1975487573081286
1285,1,"Wines, Gold, Fish",0.7709864178331296
1286,2,"Meat, Gold, Wines",0.5228345050056783
1287,3,"Wines, Meat, Fruits",0.7162098946359575
1288,0,Sweets,0.8817246593474904
1289,0,"Wines, Meat, Fish",0.5979647195534203
1290,1,"Wines, Meat, Gold",0.5229797669986042
1291,1,"Wines, Meat, Gold",0.7997294098457305
1292,1,"Gold, Wines, Fish",0.5377448524809383
1293,3,"Wines, Meat, Gold",0.6752470159586652
1294,3,"Wines, Meat, Gold",0.7063491698920321
1295,3,No uplift product,0.3954081115037711
1296,1,"Wines, Meat, Gold",0.7647883847815901
1297,2,"Meat, Fruits, Sweets",0.8370950449748518
1298,0,Wines,0.7503354016053436
1299,3,"Wines, Meat, Sweets",0.573256036270706
1300,3,No uplift product,0.055907754198802555
1301,0,"Fruits, Sweets",0.8450153161485437
1302,1,"Wines, Meat, Gold",0.5918990261377417
1303,3,Fish,0.563123191389665
1304,0,"Meat, Wines, Gold",0.780794827234586
1305,2,"Sweets, Fish, Fruits",0.8422797140987976
1306,3,No uplift product,0.5871025984909607
1307,0,"Meat, Gold, Fish",0.8592096649823231
1308,0,"Meat, Fish, Sweets",0.6573718462226077
1309,2,"Meat, Sweets",0.8350889995334857
1310,2,"Wines, Gold, Fish",0.5607213946402145
1311,0,"Sweets, Wines, Fruits",0.8116703492459384
1312,3,Gold,0.4256368514228531
1313,2,"Wines, Gold, Fish",0.5193532107818115
1314,1,No uplift product,0.31873641167612005
1315,3,"Wines, Meat, Gold",0.7385652404837936
1316,2,No uplift product,0.37345962850281506
1317,3,"Wines, Gold, Meat",0.7543309141176778
1318,3,"Wines, Meat, Sweets",0.8861318798192392
1319,1,"Meat, Wines, Fish",0.6730648878179549
1320,0,Fish,0.8698534039091399
1321,2,"Wines, Meat, Fruits",0.4575286896099804
1322,2,Wines,0.5545892077501665
1323,1,No uplift product,0.36360392683244946
1324,1,"Wines, Gold, Meat",0.6683506295742899
1325,2,"Fruits, Fish, Sweets",0.8066152513751516
1326,1,"Wines, Gold, Fish",0.55856691965679
1327,1,"Sweets, Fish, Fruits",0.6855350412635689
1328,1,"Fish, Sweets",0.6247321508861754
1329,0,"Wines, Fruits",0.6354110405302352
1330,1,"Wines, Meat, Fish",0.7034557990901366
1331,3,"Wines, Gold",0.6065960960310043
1332,2,No uplift product,0.6714781738798955
1333,0,Meat,0.8719490024060906
1334,2,No uplift product,0.2230975474591098
1335,3,No uplift product,0.35754558525595576
1336,0,"Wines, Meat, Gold",0.804566459780321
1337,1,"Fish, Fruits, Gold",0.5115357094538181
1338,1,No uplift product,0.2435231910493395
1339,1,No uplift product,0.4970853156866256
1340,3,No uplift product,0.34130014341233744
1341,2,No uplift product,0.3479830535069956
1342,2,"Meat, Fish, Gold",0.5559811024306144
1343,1,"Meat, Fruits, Wines",0.6044478427242783
1344,1,"Wines, Meat, Gold",0.8104469817794856
1345,1,"Wines, Meat",0.6881678963398378
1346,3,"Wines, Meat, Gold",0.46151898688984727
1347,1,No uplift product,0.1843549048861943
1348,2,"Meat, Fish, Gold",0.6811796319164519
1349,0,"Meat, Sweets, Gold",0.8836499795502084
1350,0,"Fish, Gold, Sweets",0.855327298598709
1351,0,"Wines, Fruits, Meat",0.7315615044046473
1352,1,"Wines, Meat, Gold",0.793777319870425
1353,3,No uplift product,0.3225452021491791
1354,0,"Fruits, Sweets, Meat",0.7742934510547439
1355,2,"Wines, Gold, Sweets",0.6785364330345881
1356,1,"Wines, Fish",0.7485251182668443
1357,0,"Wines, Meat, Fruits",0.6333249756935134
1358,0,"Gold, Wines, Sweets",0.8606727483120741
1359,3,"Wines, Gold, Fruits",0.7639063077953061
1360,2,"Wines, Meat, Sweets",0.5983456611424116
1361,1,"Wines, Meat, Fruits",0.7477936928298636
1362,2,"Wines, Fish, Sweets",0.4465438507515645
1363,0,"Meat, Wines, Gold",0.577462015725305
1364,2,No uplift product,0.18029119028193855
1365,2,Fruits,0.4324861041157596
1366,2,No uplift product,0.2881735411263941
1367,1,"Wines, Meat, Gold",0.6910138048655927
1368,1,"Gold, Meat",0.602150690085057
1369,3,No uplift product,0.26027337411785834
1370,3,No uplift product,0.11997338299427729
1371,3,"Wines, Gold, Meat",0.7653368987784431
1372,3,"Wines, Meat, Gold",0.7795639825405956
1373,2,"Meat, Wines, Gold",0.4814468232686937
1374,2,"Fish, Sweets, Fruits",0.8700337432714205
1375,2,No uplift product,0.39337285892128687
1376,3,"Gold, Fruits, Fish",0.6447559845468904
1377,1,"Wines, Meat, Fish",0.7477632713269333
1378,3,No uplift product,0.34730819900188525
1380,3,No uplift product,0.2662110329319112
1381,3,Wines,0.7511251883614987
1384,1,"Wines, Gold, Meat",0.7431040865415617
1385,0,"Sweets, Fish, Fruits",0.8064347147119244
1387,3,"Wines, Meat, Gold",0.7447272259535709
1388,3,"Wines, Gold, Meat",0.7333200718229287
1389,0,Meat,0.8082455242599884
1390,3,Fruits,0.6463911520346888
1391,1,"Wines, Fish, Sweets",0.6548900217901954
1392,1,"Gold, Meat, Fish",0.7380501491534336
1393,3,"Wines, Meat, Fruits",0.5426601024634221
1394,1,"Wines, Meat, Gold",0.6863477792107173
1395,2,"Meat, Gold, Sweets",0.6685296916957458
1396,3,"Wines, Meat, Gold",0.6744677221677788
1397,1,"Gold, Wines, Meat",0.7259259567430953
1398,2,"Meat, Sweets, Fish",0.5985303993954914
1399,3,Sweets,0.6339988270389344
1400,3,"Fish, Fruits",0.6082228488567347
1401,2,"Meat, Fish, Sweets",0.5307558659053105
1402,3,"Fruits, Sweets, Fish",0.476029072168249
1403,2,No uplift product,0.27148882537288155
1404,2,"Gold, Meat, Fruits",0.427946525329977
1405,3,"Meat, Sweets, Fish",0.7448779418959567
1406,3,No uplift product,0.3908407146734838
1407,2,"Wines, Gold, Sweets",0.6360991749682394
1408,2,"Wines, Meat, Gold",0.5309973037477799
1409,3,"Meat, Fish, Sweets",0.6211968465034019
1410,2,"Wines, Gold, Fruits",0.5820688993906962
1411,2,No uplift product,0.1997754248960273
1412,3,"Wines, Meat, Gold",0.8536123548716391
1413,0,"Wines, Gold, Sweets",0.7792229851497942
1414,1,Fish,0.6785434075177662
1415,2,No uplift product,0.008752798683400786
1416,1,"Wines, Meat, Fish",0.5484975596698956
1417,1,No uplift product,0.008005969962988715
1418,3,"Wines, Meat, Fruits",0.8541757260477028
1419,3,"Wines, Gold, Meat",0.8046706203054352
1420,3,"Wines, Meat, Gold",0.827824855486068
1421,0,"Meat, Wines, Sweets",0.7511471018276401
1422,2,"Fish, Sweets, Fruits",0.643286235410198
1423,3,"Wines, Meat, Gold",0.5293622967955681
1424,1,"Wines, Meat, Fruits",0.5207995139397779
1425,1,"Wines, Gold",0.714722562898094
1426,1,"Meat, Wines, Gold",0.8585678213256598
1427,1,"Wines, Meat, Gold",0.8126201284043598
1428,3,"Wines, Meat, Gold",0.6929492182403932
1429,0,No uplift product,0.3915842508746893
1430,1,"Wines, Meat, Gold",0.8655246718904882
1431,1,"Wines, Meat, Gold",0.7126883538453392
1432,0,"Meat, Fruits, Gold",0.8098156991089156
1433,3,"Wines, Meat, Gold",0.7305260055888635
1434,3,"Gold, Fish",0.5088717994151172
1435,3,"Wines, Meat, Sweets",0.7215785879003902
1436,3,"Fish, Fruits",0.6082228488567347
1437,1,"Wines, Meat, Gold",0.6298348391785127
1438,1,No uplift product,0.22996112110128616
1439,1,"Wines, Sweets",0.7175920147885991
1440,3,"Wines, Meat, Gold",0.8825611481205633
1441,3,"Wines, Meat, Gold",0.8394786347970106
1442,1,"Wines, Fruits, Fish",0.7022239703266878
1443,0,"Fruits, Sweets",0.8034282174983155
1444,0,No uplift product,0.8024631753820264
1445,0,"Wines, Meat, Gold",0.5662349899690245
1446,0,"Wines, Gold, Fruits",0.7326496742964734
1447,2,"Meat, Sweets, Fish",0.6844827422181261
1448,0,"Meat, Fish, Wines",0.8536089623695264
1449,2,No uplift product,0.250304870442341
1450,1,No uplift product,0.5104319992342562
1451,0,"Wines, Gold, Sweets",0.7987075455350441
1452,0,"Fish, Gold, Sweets",0.8597329470796686
1453,1,"Gold, Fish, Meat",0.7191153039519876
1454,1,No uplift product,0.16999564246565665
1455,0,"Wines, Meat, Gold",0.730195258949131
1456,1,No uplift product,0.22741286837963356
1457,3,"Wines, Meat",0.8219036251174132
1458,0,"Gold, Fish",0.8924104488878851
1459,0,"Wines, Meat, Gold",0.454887956104432
1460,2,"Meat, Gold, Fish",0.48335852691740167
1461,2,"Wines, Gold, Sweets",0.6134164054763893
1462,3,"Wines, Meat, Gold",0.861984924834784
1463,1,"Wines, Meat, Gold",0.7193784019363177
1464,1,"Meat, Gold, Fish",0.8209524746134809
1465,2,No uplift product,0.260617477937835
1466,2,"Meat, Wines, Fish",0.704242741158638
1467,0,"Meat, Sweets, Fruits",0.8548422241364302
1468,3,"Wines, Meat, Gold",0.798825521650891
1469,2,Gold,0.8572323132401153
1470,3,"Wines, Meat, Fruits",0.7805061539399679
1471,1,Sweets,0.6472332444634709
1472,1,No uplift product,0.36309039651758673
1473,2,"Wines, Sweets, Fruits",0.5933543692551227
1474,2,"Wines, Sweets, Fish",0.6418591703566529
1475,3,"Wines, Meat, Gold",0.4880576680264419
1476,0,"Sweets, Wines, Fruits",0.8116703492459384
1477,3,"Meat, Wines, Gold",0.4217673453221467
1478,1,No uplift product,0.3731033349989997
1479,2,"Meat, Fish, Gold",0.6539098977667762
1480,2,"Wines, Sweets",0.7369234004770772
1481,2,"Meat, Fish, Sweets",0.7012502135963313
1482,1,"Wines, Meat, Gold",0.7967610290659404
1483,1,"Wines, Meat, Fruits",0.8520986830924249
1484,2,"Wines, Gold",0.49972557321507116
1485,2,"Gold, Meat, Fruits",0.5982258170601025
1486,0,"Fish, Sweets, Gold",0.755633496026874
1487,3,"Gold, Fish, Fruits",0.6638473616292792
1488,2,"Meat, Sweets",0.7560529697584352
1489,3,No uplift product,0.24256860400962796
1490,2,"Wines, Gold",0.6028072232302478
1491,3,"Fruits, Fish, Sweets",0.5620509948132448
1492,0,Gold,0.8255340044873052
1493,2,No uplift product,0.35706463487922624
1494,1,"Wines, Fish, Fruits",0.68610593442236
1495,0,"Wines, Meat, Gold",0.8025357247677953
1496,1,"Gold, Meat, Fish",0.7928680108627698
1497,2,"Meat, Gold, Fish",0.6247409854519942
1498,2,Gold,0.8236164561977123
1499,0,"Meat, Fish, Fruits",0.762561054712474
1500,3,No uplift product,0.5861312494072108
1501,1,"Wines, Meat, Gold",0.7126883538453392
1502,2,No uplift product,0.23178267164082098
1503,2,"Meat, Fish, Sweets",0.5791034791691564
1504,0,"Meat, Fish, Sweets",0.6010822033098011
1505,0,"Meat, Fish, Sweets",0.75710497961885
1506,2,"Wines, Meat, Fruits",0.5455876551768923
1507,2,"Wines, Gold",0.6096896786437853
1508,0,"Meat, Wines, Gold",0.8191680892161018
1509,2,"Fish, Fruits, Meat",0.7676017249264386
1510,0,"Wines, Meat, Fish",0.7801515495035536
1511,3,"Wines, Fish, Fruits",0.5466822907930377
1512,2,No uplift product,0.7977508379832187
1513,0,"Wines, Fish, Fruits",0.792521439022319
1514,1,"Wines, Meat, Fish",0.5816135364939804
1515,1,Fish,0.46124727128503634
1516,2,"Meat, Fish, Fruits",0.7917501838869812
1517,1,"Meat, Gold, Wines",0.6618201032975275
1518,1,"Fish, Fruits, Sweets",0.8093129898482413
1519,1,"Wines, Sweets",0.6823948198596864
1520,0,"Fish, Gold",0.7574912438473649
1521,0,Wines,0.8625610362594829
1522,1,"Gold, Meat, Sweets",0.6775151317941559
1523,1,"Wines, Gold, Fish",0.7013114731766037
1524,1,"Wines, Meat, Gold",0.7979982600060798
1525,2,"Gold, Wines, Fish",0.5963617204554426
1526,0,"Wines, Meat, Gold",0.8259880783355679
1527,3,"Wines, Meat, Sweets",0.8023876897272242
1528,0,"Fish, Gold, Fruits",0.7460335262159794
1529,3,"Wines, Meat, Sweets",0.5333150797575867
1530,2,"Fish, Gold, Sweets",0.6301063342309329
1531,3,"Sweets, Fish, Gold",0.6582881566827357
1532,2,"Gold, Meat, Fish",0.6327374533048109
1533,3,"Wines, Fish, Fruits",0.5466822907930377
1534,1,"Wines, Meat, Fish",0.6651758774768509
1535,1,Gold,0.47800163989348676
1536,1,"Wines, Meat, Gold",0.8029913932216037
1537,0,"Wines, Sweets, Meat",0.7886316265076535
1538,2,"Meat, Gold, Fish",0.6065391026349052
1539,2,"Wines, Sweets",0.4320831934190818
1540,1,"Gold, Fish, Sweets",0.6663121788669795
1541,2,"Wines, Gold, Fish",0.7352638147962118
1542,0,"Wines, Fruits, Gold",0.7613778813891858
1543,3,"Wines, Meat, Gold",0.8179290749722773
1544,2,"Meat, Gold, Fish",0.6296284104105643
1545,1,"Fish, Meat, Gold",0.7760276236035786
1546,1,"Wines, Meat, Sweets",0.5576011870915375
1547,1,"Sweets, Fruits",0.4371836840713185
1548,2,"Wines, Gold, Meat",0.5874112395998008
1549,3,"Wines, Meat, Gold",0.7414867966452363
1550,3,No uplift product,0.20128722128954862
1551,0,"Wines, Meat, Fish",0.690582128559877
1552,2,"Wines, Gold, Fish",0.5885281694863717
1553,0,"Wines, Meat, Fruits",0.7299247910697041
1554,2,"Gold, Fish",0.8737810599374197
1555,3,"Wines, Meat, Gold",0.8789352119798118
1556,3,"Fruits, Sweets, Fish",0.646449759661478
1557,1,"Wines, Meat, Gold",0.7994500373449782
1558,3,"Wines, Meat",0.7664537917557094
1559,2,Meat,0.6193721362324668
1560,1,"Wines, Sweets",0.7175920147885991
1561,3,"Fish, Fruits, Meat",0.5411885367233948
1562,1,"Wines, Meat, Gold",0.7825097163876545
1563,0,"Wines, Meat, Gold",0.4009512374023548
1564,1,"Gold, Fish, Sweets",0.6618474691010986
1565,2,No uplift product,0.334319507938674
1566,2,"Gold, Fish, Sweets",0.6261697974147221
1567,2,"Wines, Gold, Fruits",0.49809615361040105
1568,2,"Meat, Wines, Fish",0.5901984522533726
1569,2,"Fish, Fruits, Sweets",0.594000682010737
1570,0,"Meat, Fruits, Fish",0.80848910047639
1571,3,"Wines, Meat, Gold",0.7706193805311933
1572,0,Fish,0.8095911797340303
1573,1,"Wines, Gold, Sweets",0.8706174852791265
1574,2,No uplift product,0.23178267164082098
1575,3,"Meat, Fish, Fruits",0.4257978376461014
1576,3,"Wines, Fruits",0.530365477422437
1577,0,"Gold, Fruits, Fish",0.7823548343317882
1578,1,"Fish, Fruits, Wines",0.5584439406548458
1579,2,No uplift product,0.3581116400961085
1580,3,"Wines, Meat, Gold",0.8739460300636434
1581,0,"Wines, Fish, Gold",0.7908384188513337
1582,0,"Wines, Gold, Fish",0.7640155187202307
1583,3,"Wines, Meat, Gold",0.5158901296032792
1584,0,"Wines, Fish, Fruits",0.783259455975233
1585,3,"Wines, Meat, Fruits",0.7230167743368702
1586,3,"Wines, Gold",0.7591170579605729
1587,0,"Wines, Meat, Fish",0.5735498940839858
1588,1,No uplift product,0.3939057844993048
1589,0,"Sweets, Fish, Gold",0.8168504759241626
1590,3,"Gold, Fruits, Sweets",0.4608110185886713
1591,0,"Wines, Meat, Gold",0.7165745721493773
1592,1,"Wines, Meat, Fish",0.7673904987621644
1593,3,Gold,0.4256368514228531
1594,1,No uplift product,0.14882077407690375
1595,2,"Wines, Meat, Fish",0.433837841484499
1596,3,"Wines, Meat, Gold",0.8109404067546823
1597,1,Fish,0.5396929057757109
1598,2,No uplift product,0.21789931941721957
1599,1,"Meat, Wines, Gold",0.5573139147402092
1600,2,"Wines, Meat, Fruits",0.5828718738010578
1601,0,No uplift product,0.84486063167616
1602,0,"Meat, Fish, Sweets",0.8655485310108065
1603,3,"Wines, Meat, Gold",0.8889715434441923
1604,3,"Wines, Gold, Meat",0.8785675562002957
1605,3,"Wines, Meat, Gold",0.8667623978292781
1606,2,"Fish, Gold, Fruits",0.7397505122434013
1607,2,No uplift product,0.15696002666682654
1608,3,No uplift product,0.2598543636347172
1609,3,No uplift product,0.08724025203374003
1610,0,"Wines, Fruits, Gold",0.7457930717700516
1611,1,"Wines, Meat, Gold",0.6329079385265483
1612,0,"Fish, Sweets",0.7555646760759046
1613,1,"Gold, Fruits",0.5091344889586514
1614,3,"Wines, Meat, Gold",0.8263462605795452
1615,2,No uplift product,0.20806735243609834
1616,1,"Wines, Meat, Gold",0.837754671001124
1617,1,No uplift product,0.2774781840069054
1618,3,No uplift product,0.3225452021491791
1619,2,"Meat, Fruits, Fish",0.7933598513076178
1620,3,"Meat, Gold, Fish",0.5536485445120011
1621,1,"Wines, Fish, Meat",0.7039633563586694
1622,0,"Wines, Gold, Meat",0.6950325881953204
1623,2,"Wines, Meat, Fish",0.5258893846894372
1624,3,Meat,0.7696073321355733
1625,3,"Meat, Gold, Fish",0.42855416154574083
1626,2,"Gold, Meat",0.4954305245068421
1627,0,"Wines, Meat, Fish",0.5433427823446129
1628,1,"Wines, Gold, Fish",0.6857430770509927
1629,1,"Wines, Fish, Gold",0.7050566072300471
1630,2,"Wines, Fish, Gold",0.6804488197096255
1631,3,No uplift product,0.39976271048023715
1632,3,"Meat, Gold, Fish",0.8848695589873733
1633,1,"Wines, Meat, Gold",0.8601749705366674
1634,3,No uplift product,0.5972036172417415
1635,2,"Meat, Fish, Gold",0.7358739285802011
1636,2,"Meat, Wines, Fruits",0.49337464041073875
1637,0,"Wines, Meat, Sweets",0.7555178577173749
1638,3,"Wines, Meat, Gold",0.8204929943062866
1639,1,"Wines, Meat, Gold",0.793535666047367
1640,3,"Wines, Meat, Gold",0.8775078586961087
1641,2,"Meat, Fish, Fruits",0.5479239810332263
1642,2,"Wines, Fish, Sweets",0.5639904709598275
1643,1,"Wines, Meat, Gold",0.6717800736553459
1644,2,No uplift product,0.03898945650558207
1645,1,"Wines, Meat, Gold",0.40231611035909365
1646,3,No uplift product,0.26431319810434767
1647,0,"Meat, Wines, Fish",0.7115591116186288
1648,0,"Wines, Fish, Sweets",0.7473106695822597
1649,3,"Wines, Sweets, Fruits",0.6864964866254613
1650,1,"Wines, Meat, Fruits",0.5821995966270884
1651,0,"Meat, Fish, Gold",0.7806049046752339
1652,3,"Wines, Meat, Sweets",0.5803910288868416
1653,0,"Wines, Fish, Gold",0.6152493746137236
1654,1,No uplift product,0.28673547522228543
1655,1,"Gold, Fish, Sweets",0.7699574476256846
1656,3,No uplift product,0.37368883840993267
1657,2,"Meat, Gold, Fruits",0.48230786425271877
1658,2,"Wines, Meat, Sweets",0.5445960960355257
1659,0,"Gold, Fruits, Sweets",0.8211402751670611
1660,2,"Wines, Meat, Sweets",0.4998419717968902
1661,3,"Wines, Sweets",0.5680795512870223
1662,2,"Fish, Sweets, Fruits",0.42822029709042464
1663,3,"Wines, Meat, Sweets",0.7675849577590252
1664,1,"Gold, Meat, Sweets",0.5440293493628205
1665,1,"Wines, Gold, Meat",0.705133296906094
1666,2,"Meat, Gold, Fish",0.6374381296598702
1667,3,"Wines, Meat, Gold",0.8158260631488627
1668,2,No uplift product,0.37411862560907894
1669,2,Gold,0.7449602308859746
1670,1,"Gold, Fish, Sweets",0.4417880042944462
1671,0,"Wines, Fish, Gold",0.8562074555697549
1672,0,"Fish, Gold, Sweets",0.7369231196441817
1673,0,"Wines, Meat, Fruits",0.7496074413698753
1674,2,No uplift product,0.8387911924201347
1675,1,"Wines, Gold, Meat",0.5173481565396671
1676,1,Gold,0.6036686165866725
1677,1,"Wines, Meat, Gold",0.8040887152982656
1678,1,No uplift product,0.32326429398085726
1679,1,"Gold, Wines, Fruits",0.7704304542863025
1680,0,Fish,0.8695178126003713
1681,3,"Wines, Meat",0.8275827764403435
1682,3,"Wines, Meat, Gold",0.8089404747865664
1683,1,"Wines, Meat, Gold",0.6911530737435226
1684,3,No uplift product,0.3944642195046807
1685,3,"Wines, Meat, Gold",0.7833758986389147
1686,0,"Fish, Fruits",0.7895281430306427
1687,2,"Meat, Sweets, Fish",0.7746950343308632
1688,2,"Wines, Fruits",0.7030590623566122
1689,0,"Meat, Wines, Sweets",0.8288689050991992
1690,2,"Meat, Fish, Sweets",0.5788805021572683
1691,0,"Meat, Sweets, Fish",0.7203688618013884
1692,1,"Wines, Meat, Gold",0.8885009569855541
1693,1,"Wines, Meat, Gold",0.7251460320545127
1694,1,"Wines, Meat, Gold",0.6460533079471495
1695,2,"Wines, Gold, Sweets",0.4034738065427584
1696,3,"Wines, Meat, Gold",0.6612014142772644
1697,0,"Meat, Wines, Fish",0.6957169467735499
1698,3,"Wines, Meat, Gold",0.6158141877370091
1699,2,No uplift product,0.6727968241942048
1700,2,"Wines, Fish",0.8176619958804345
1701,3,"Wines, Meat, Gold",0.9101603196362951
1702,1,"Wines, Gold, Meat",0.7758691702853443
1703,2,"Meat, Gold, Fish",0.6118604220678515
1704,1,"Wines, Meat, Fish",0.6135067013825369
1705,1,"Gold, Fish, Sweets",0.6789008251079781
1706,2,"Gold, Fish, Fruits",0.8122788693474392
1707,3,No uplift product,0.27773933201328493
1708,2,No uplift product,0.11029025191545691
1709,3,No uplift product,0.2584465081326175
1710,0,"Sweets, Fish, Fruits",0.827476370677436
1711,2,"Fish, Gold",0.636490453751449
1712,3,No uplift product,0.3863214421606488
1713,0,"Wines, Gold, Sweets",0.8394605443124391
1714,1,"Wines, Meat",0.7105838093178439
1715,2,No uplift product,0.09894318685372162
1716,2,"Gold, Fruits, Wines",0.49187140065478174
1717,3,"Wines, Meat, Gold",0.8313240471100357
1718,3,Wines,0.7931892149626478
1719,2,"Wines, Fish",0.7245820261088143
1720,1,"Wines, Meat, Gold",0.804156712539115
1721,0,"Fish, Gold, Sweets",0.8488581838844157
1722,0,No uplift product,0.8398304272146406
1723,0,"Fish, Fruits",0.8706786653489514
1724,1,"Sweets, Fruits, Gold",0.4769233863482259
1725,1,"Wines, Gold, Sweets",0.7274924465713377
1726,3,"Gold, Fish, Sweets",0.6587299022246402
1727,1,"Wines, Meat, Fish",0.41049787665611426
1728,2,"Wines, Gold, Fish",0.7352638147962118
1729,2,Fruits,0.7746374689413612
1730,3,"Wines, Meat, Gold",0.9148892337627631
1731,1,"Wines, Meat, Fruits",0.5207995139397779
1732,3,"Wines, Meat, Fish",0.6809250871686036
1733,0,Wines,0.8556972175012355
1734,2,No uplift product,0.3494810167249738
1735,2,"Gold, Fruits, Sweets",0.6256548407633901
1736,2,No uplift product,0.37280481768727475
1737,0,"Fish, Wines, Gold",0.8450742909811698
1738,3,No uplift product,0.3719912526666723
1739,1,"Gold, Meat, Wines",0.7511792873484132
1740,3,"Meat, Fish, Fruits",0.43204315097075946
1741,1,No uplift product,0.36729550515109494
1742,1,No uplift product,0.2654763177444457
1743,0,"Wines, Fruits, Sweets",0.7339538411446032
1744,2,"Meat, Gold, Fish",0.5799794142557398
1745,0,"Wines, Fish",0.8050651754182633
1746,1,"Wines, Meat, Gold",0.40735107834141293
1747,0,"Meat, Fish, Sweets",0.7462028111758313
1748,2,"Wines, Fruits",0.6274101254229233
1749,0,"Gold, Sweets, Meat",0.7760497683072368
1750,2,"Meat, Gold, Fish",0.7354624067491169
1751,2,"Wines, Meat, Fruits",0.43894357722323224
1752,1,"Wines, Meat, Gold",0.7009054736408721
1753,2,"Wines, Meat, Fish",0.5163511796012829
1754,3,"Wines, Meat, Gold",0.6904557528002851
1755,3,"Wines, Meat, Gold",0.542606885517109
1756,3,"Wines, Meat, Fish",0.8834233627659805
1757,1,"Fish, Fruits, Gold",0.6488661833467715
1758,3,"Wines, Meat, Gold",0.8686705916689217
1759,2,No uplift product,0.3017882021264864
1760,2,"Wines, Meat, Gold",0.5204042636909929
1761,1,"Wines, Meat, Sweets",0.784423504285932
1762,2,No uplift product,0.2687930241404437
1763,2,"Gold, Fruits, Meat",0.6643770858105225
1764,1,"Wines, Meat, Gold",0.7144842809532287
1765,2,"Wines, Gold, Sweets",0.825142891460939
1766,1,"Meat, Wines, Gold",0.7082696943443592
1767,0,"Wines, Meat, Gold",0.804566459780321
1768,1,"Wines, Meat, Gold",0.43484402542692496
1769,3,"Meat, Fish, Sweets",0.49083977161757086
1770,1,"Gold, Fruits, Fish",0.7139560056611935
1771,1,No uplift product,0.1282142984174741
1772,0,"Wines, Fish, Sweets",0.7680191783251867
1773,0,"Wines, Gold, Sweets",0.8314996423092927
1774,3,"Wines, Meat, Gold",0.5661286473849354
1775,3,"Gold, Fish, Sweets",0.6587299022246402
1776,1,"Fish, Fruits, Sweets",0.604696885862756
1777,1,"Fish, Fruits, Gold",0.43967542586179625
1778,1,"Fish, Meat, Sweets",0.7472198542343096
1779,0,"Wines, Meat, Gold",0.5690128650055513
1780,1,"Wines, Meat, Gold",0.7330642824241903
1781,3,"Meat, Fish, Fruits",0.6985394820540295
1782,0,"Meat, Fish, Gold",0.6633390217122022
1783,2,"Gold, Fruits, Meat",0.6789883166479972
1784,3,"Sweets, Gold",0.6403815251618683
1785,3,"Fish, Fruits",0.5524096517544878
1786,2,"Wines, Meat, Fruits",0.5720577178885694
1787,1,"Fruits, Sweets",0.7504644326657975
1788,2,"Meat, Fruits",0.46877554813815514
1789,2,"Wines, Fish, Sweets",0.5514634573218746
1790,3,"Wines, Meat",0.828622161565766
1791,3,"Wines, Meat, Gold",0.7063491698920321
1792,0,"Meat, Fruits, Sweets",0.790238867458158
1793,1,"Gold, Meat, Sweets",0.6775151317941559
1794,3,"Fruits, Sweets",0.7968150559136411
1795,3,"Wines, Meat, Fish",0.8924567023947662
1796,2,No uplift product,0.16707996019580634
1797,1,"Gold, Fish, Wines",0.7008744336481674
1798,2,"Meat, Gold, Fish",0.42296640996885176
1799,2,No uplift product,0.03898945650558207
1800,2,Wines,0.4994816076831131
1801,2,"Gold, Fruits",0.7268422308502036
1802,3,"Meat, Fish, Fruits",0.7764139241502281
1803,2,"Wines, Meat, Fish",0.43252185712757435
1804,3,"Wines, Meat, Fish",0.8543346817229248
1805,2,"Fish, Fruits, Meat",0.7676017249264386
1806,2,No uplift product,0.34559327674613227
1807,3,"Wines, Meat, Gold",0.6736966635598627
1808,0,"Wines, Gold, Sweets",0.7928700042326061
1809,0,"Gold, Fruits, Fish",0.8253896250542357
1810,3,"Wines, Meat, Gold",0.8008265880284295
1811,2,"Fish, Meat, Fruits",0.5251640292594658
1812,0,"Meat, Fish, Gold",0.7409703266075589
1813,0,"Wines, Fish, Gold",0.5495811483369241
1814,0,No uplift product,0.35347657104887614
1815,1,"Wines, Gold, Meat",0.8536141858782029
1816,2,"Wines, Meat, Gold",0.45566335364279775
1817,0,"Wines, Meat, Fruits",0.7633163274671241
1818,3,No uplift product,0.5375639501785698
1819,3,"Wines, Meat, Gold",0.8349343651417637
1820,2,No uplift product,0.36153050720736724
1821,3,"Wines, Meat, Gold",0.7545891386451243
1822,3,"Wines, Gold, Fruits",0.7639063077953061
1823,2,"Wines, Meat, Sweets",0.6127293263875432
1824,0,"Wines, Meat, Fruits",0.51839099713833
1825,1,"Wines, Meat, Fish",0.8010488551733942
1826,2,No uplift product,0.21853914576795141
1827,0,"Wines, Sweets, Fruits",0.7789717246308303
1828,0,"Sweets, Fish",0.8443035651316941
1829,1,Wines,0.7724892442217971
1830,1,"Gold, Fruits, Meat",0.7677865588255042
1831,3,"Meat, Fruits, Fish",0.44004001764362055
1832,2,"Meat, Gold, Fish",0.7789717670817176
1833,3,No uplift product,0.38073179527337986
1834,3,Wines,0.6923772361840718
1835,3,"Wines, Gold, Meat",0.7279489951785338
1836,0,"Wines, Fruits, Gold",0.8216801144460525
1837,3,"Fish, Fruits",0.43516756034897436
1838,2,"Wines, Meat, Sweets",0.4000183752930899
1839,2,Fruits,0.711395410264606
1840,1,"Gold, Fish, Sweets",0.7405391711066569
1841,0,"Wines, Fish, Fruits",0.7935648957798773
1842,1,"Wines, Gold, Fish",0.6795553938096641
1843,0,"Wines, Fish, Meat",0.7881834697398146
1844,3,"Gold, Fish",0.6777570067128249
1845,0,"Wines, Meat, Fish",0.6785725101555136
1846,3,"Wines, Meat, Gold",0.5200658631882842
1847,1,"Wines, Sweets, Gold",0.6146706973348326
1848,2,"Wines, Meat, Fish",0.48518649486198984
1849,1,"Wines, Meat, Gold",0.8042096156390375
1850,0,"Wines, Fish, Fruits",0.6923825628053442
1851,1,"Wines, Meat, Gold",0.8002400740190492
1852,0,"Wines, Fish, Sweets",0.8608942396261573
1853,0,"Fish, Wines, Sweets",0.7323551671229085
1854,0,"Meat, Gold, Fish",0.8038403404396236
1855,2,"Meat, Gold, Fish",0.7504876729891247
1856,3,"Wines, Meat, Fruits",0.7048797603213149
1857,1,"Meat, Sweets, Fish",0.6015567518694843
1858,0,"Gold, Fruits, Sweets",0.8500072705739699
1859,2,No uplift product,0.14230020301557245
1860,2,No uplift product,0.39570848864405417
1861,1,"Wines, Meat, Gold",0.6021552105214734
1862,2,No uplift product,0.1842156974830249
1863,2,No uplift product,-0.1031272700406251
1864,0,"Fruits, Sweets, Meat",0.7742934510547439
1865,2,"Meat, Wines, Sweets",0.5659055958180901
1866,3,"Wines, Meat, Gold",0.8968892222021353
1867,1,"Wines, Gold, Meat",0.7459071595756945
1868,1,No uplift product,0.3848053484862262
1869,0,No uplift product,0.7896410101627269
1870,1,"Wines, Meat, Gold",0.733381400794495
1871,0,No uplift product,0.38650938198535834
1872,3,"Wines, Meat, Gold",0.6992105754655703
1873,2,"Meat, Gold, Fish",0.6280957728834476
1874,3,No uplift product,0.28519715728214984
1875,1,"Wines, Meat, Fish",0.5877034929093726
1876,0,No uplift product,0.3248216698064502
1877,0,"Wines, Meat",0.8779015789232154
1878,2,"Fruits, Sweets, Gold",0.6984479587914595
1879,2,No uplift product,0.31871342504798084
1880,0,"Meat, Fish, Gold",0.7051131399666845
1881,1,"Wines, Meat, Fish",0.7301630602252426
1882,1,No uplift product,0.22393848467275995
1883,2,"Sweets, Meat, Fish",0.4484788446012786
1884,1,"Wines, Gold, Meat",0.49441329134972517
1885,1,No uplift product,0.3054262184267687
1886,3,"Wines, Meat, Fish",0.8447203347445311
1887,0,"Gold, Fish, Wines",0.8795192298561816
1888,2,"Wines, Gold, Meat",0.6273197505604893
1889,1,No uplift product,0.3945423285732758
1890,0,Sweets,0.7270980961780007
1891,0,No uplift product,0.8039887945799618
1892,1,"Gold, Wines, Meat",0.7917938150563631
1893,2,"Meat, Fish, Gold",0.5601044213132168
1894,0,"Wines, Meat, Sweets",0.6528717763885827
1895,3,No uplift product,0.22712002124814368
1896,1,"Wines, Meat, Sweets",0.6973544095610313
1897,0,"Fish, Fruits, Meat",0.7984975358579234
1898,0,No uplift product,0.3597718883257485
1899,2,"Wines, Meat, Gold",0.40666629119127207
1900,3,"Wines, Meat, Gold",0.8403734491680519
1901,1,"Wines, Meat, Fish",0.595495525982525
1902,0,"Meat, Wines, Fish",0.6153619159280924
1903,1,"Wines, Gold, Fish",0.69138207513025
1904,3,No uplift product,0.32849597242974315
1905,0,"Wines, Meat, Gold",0.7753308817485212
1906,2,"Fish, Sweets",0.5922244503053916
1907,1,"Gold, Meat, Fish",0.7436536510305111
1908,1,"Meat, Wines, Gold",0.4541914846016068
1909,1,"Wines, Meat, Fish",0.7743108584255766
1910,0,"Wines, Meat, Gold",0.7653323941606553
1911,2,Meat,0.5498370776404645
1912,0,"Gold, Fish, Meat",0.832562588963288
1913,2,No uplift product,0.5707496121659061
1914,2,"Meat, Fish, Sweets",0.7760068597854807
1915,2,"Wines, Meat, Fish",0.5457083756236619
1916,1,"Meat, Fruits, Wines",0.6044478427242783
1917,1,"Wines, Gold, Meat",0.7628235777436136
1918,1,"Wines, Meat, Gold",0.5442633491995651
1919,3,"Wines, Meat, Gold",0.8313469016340121
1920,1,No uplift product,0.3082808936978583
1921,2,"Wines, Meat",0.45971475982297166
1922,0,"Meat, Gold, Fruits",0.822930396522949
1923,0,"Meat, Gold, Fruits",0.8192214808269067
1924,2,"Gold, Wines, Sweets",0.7477927018351525
1925,1,"Wines, Meat, Gold",0.7535819442953209
1926,2,"Meat, Fish, Gold",0.6335548041851222
1927,0,"Wines, Fish, Gold",0.8563749539409063
1928,0,"Meat, Fruits, Fish",0.707866341067527
1929,2,"Wines, Fruits, Meat",0.6442776988678377
1930,3,"Wines, Gold, Fish",0.7797855126850758
1931,2,No uplift product,0.3171917425981888
1932,1,"Wines, Gold, Fish",0.8028837246823471
1933,3,"Wines, Meat, Fish",0.6735588111334977
1934,2,Wines,0.6946583578266652
1935,3,"Wines, Meat, Gold",0.6924079200887183
1936,2,"Wines, Gold, Fruits",0.4613435065557826
1937,2,"Meat, Gold, Sweets",0.6417660554071835
1938,3,"Wines, Meat, Gold",0.5688402188720783
1939,1,"Wines, Meat, Gold",0.7124777324316625
1940,0,"Meat, Fish, Sweets",0.8042346397299156
1941,3,"Wines, Meat, Gold",0.5106890487904008
1942,1,"Meat, Wines, Gold",0.7477523897697725
1943,0,"Wines, Meat",0.7957659800711053
1944,1,"Fish, Sweets, Fruits",0.6262583710849973
1945,0,"Wines, Sweets, Fruits",0.7731079367926366
1946,0,"Wines, Sweets, Meat",0.7305800471969819
1947,0,No uplift product,0.3669376495855379
1948,3,"Wines, Gold, Sweets",0.7293534556392764
1949,3,"Wines, Meat, Gold",0.4880576680264419
1950,1,No uplift product,0.11960966688030347
1951,2,No uplift product,0.3481860576895721
1952,0,"Wines, Sweets, Fish",0.8189769400600697
1953,0,"Gold, Fish, Sweets",0.5986515891696182
1954,0,"Meat, Wines, Fish",0.6640148167218567
1955,0,"Meat, Fruits, Gold",0.78187590591762
1956,1,"Wines, Meat, Gold",0.7786477677795731
1957,2,"Wines, Meat, Gold",0.4572563975008191
1958,0,"Wines, Gold, Fish",0.8625270978899181
1959,3,"Wines, Sweets, Fruits",0.6864964866254613
1960,2,"Meat, Wines",0.8700936711244756
1961,0,"Meat, Fish, Sweets",0.7399253559705843
1962,3,"Wines, Meat, Gold",0.735982513988779
1963,3,"Wines, Fruits",0.6933838121673249
1964,1,No uplift product,0.24346046183457287
1965,0,"Wines, Gold, Sweets",0.8441609538504026
1966,2,"Wines, Meat",0.6945061379581954
1967,2,Gold,0.619814833577436
1968,0,"Wines, Gold",0.8322981287114728
1969,0,"Meat, Fish, Gold",0.8729038830333458
1970,2,"Gold, Fruits, Fish",0.43642135069516286
1971,1,"Meat, Wines, Fish",0.6675916641411275
1972,3,"Sweets, Gold",0.6403815251618683
1973,2,No uplift product,0.35416393185375034
1974,3,No uplift product,0.6724631745751448
1975,2,No uplift product,0.26864407908112137
1976,0,"Wines, Meat, Sweets",0.42690030646832344
1977,3,"Wines, Meat, Gold",0.6929834353611126
1978,1,"Fish, Meat, Wines",0.7124927043734873
1979,1,"Wines, Meat, Fish",0.8468256990115701
1980,1,Wines,0.6500044132392587
1981,1,"Gold, Fruits, Fish",0.7139560056611935
1982,0,No uplift product,0.8689157919730421
1983,3,No uplift product,0.390729352723337
1984,2,"Wines, Meat, Gold",0.4467061593776807
1985,3,"Wines, Meat, Gold",0.4599823050182974
1986,3,"Fish, Sweets, Fruits",0.6550370966813416
1987,1,No uplift product,0.2510543207929357
1988,1,Fish,0.7698909859046373
1989,3,No uplift product,0.21361125814407197
1990,0,"Sweets, Fruits, Gold",0.8552158988561969
1991,3,"Wines, Meat",0.4529514465902193
1992,0,"Fruits, Sweets, Gold",0.861272913201917
1993,0,No uplift product,0.3944388712814706
1994,3,"Wines, Meat, Gold",0.8192016321019253
1995,0,"Meat, Wines, Fish",0.6978221562210912
1996,0,"Meat, Wines, Fruits",0.7064453362527581
1997,2,"Wines, Meat, Gold",0.5450712111704406
1998,1,"Fish, Fruits",0.4019622368622985
1999,1,No uplift product,-0.03705277926532915
2000,1,"Wines, Meat, Gold",0.76626753409848
2001,1,"Wines, Meat, Gold",0.790568710645039
2002,1,"Wines, Meat",0.6399413038009959
2003,1,"Wines, Meat, Gold",0.40836201135249145
2004,3,"Wines, Meat, Gold",0.6965761941627231
2005,3,"Wines, Meat, Gold",0.48134338353268125
2006,2,No uplift product,0.8248077535890153
2007,2,No uplift product,0.32025320678126745
2008,3,No uplift product,0.03697422308766204
2009,2,"Meat, Gold, Fish",0.6185104802433793
2010,0,"Sweets, Wines, Fruits",0.8411437946473524
2011,1,"Gold, Fruits",0.6211357383969879
2012,0,"Fish, Gold, Fruits",0.8897772833414053
2013,0,No uplift product,0.1895382931200233
2014,0,"Fish, Meat, Gold",0.7733846058241245
2015,3,"Wines, Meat, Gold",0.7414867966452363
2016,1,"Wines, Meat, Gold",0.5857593605840951
2017,3,"Wines, Meat, Gold",0.829744989510787
2018,3,"Wines, Meat, Gold",0.7422083871544007
2019,3,"Wines, Meat, Gold",0.8292640307203247
2020,1,"Wines, Meat, Gold",0.7255759865546271
2021,1,"Wines, Fish, Gold",0.794701220778728
2022,3,Gold,0.7624436841047872
2023,2,"Gold, Sweets",0.5596540503544067
2024,2,Sweets,0.8075019132553615
2025,1,"Wines, Gold, Meat",0.7522485742730981
2026,3,"Wines, Meat, Gold",0.7878779181675992
2027,1,No uplift product,0.3913474809269527
2028,2,"Gold, Fruits, Fish",0.7033109105396609
2029,1,"Wines, Meat",0.6454262200149458
2030,2,"Fish, Gold, Sweets",0.553959523023181
2031,2,"Wines, Sweets",0.6623547198035745
2032,1,"Wines, Gold, Fish",0.7735492743374117
2033,2,Wines,0.8088773460119559
2034,1,No uplift product,0.5363528952366583
2035,3,No uplift product,0.23489171048154578
2036,2,Gold,0.6995400239320508
2037,2,"Wines, Gold, Sweets",0.5330565025039815
2038,1,"Wines, Fruits, Gold",0.6932916583761981
2039,0,"Meat, Sweets",0.6660922024194523
2040,0,"Wines, Meat, Fish",0.6232344632482429
2041,2,"Wines, Fish",0.641227828570995
2042,1,"Wines, Gold, Meat",0.7606625314591451
2043,1,"Meat, Gold, Fish",0.6983061197542393
2044,2,No uplift product,0.20112814284791594
2045,1,Fish,0.5241787725377391
2046,3,"Meat, Gold, Fish",0.4517460137687919
2047,0,"Meat, Fruits, Gold",0.8515165886236018
2048,0,No uplift product,0.25711381026181307
2049,0,"Wines, Gold, Fruits",0.7242678107045832
2050,3,"Wines, Meat, Gold",0.7966236099605387
2051,2,"Wines, Meat, Fish",0.44843309798266995
2052,2,No uplift product,0.24766429884929456
2053,3,"Wines, Meat, Gold",0.7493011258058585
2054,3,"Wines, Meat, Fruits",0.7575197008654325
2055,1,"Wines, Fruits",0.5204920387043264
2056,2,No uplift product,0.27392643658117394
2057,2,Meat,0.6193721362324668
2058,2,"Fish, Meat, Sweets",0.7551069931293161
2060,1,"Fruits, Gold",0.6250447847928436
2062,0,"Meat, Fish, Wines",0.8536089623695264
2063,3,"Wines, Meat, Gold",0.7090225699836987
2064,2,"Gold, Fish",0.8737810599374197
2065,2,No uplift product,0.3098024110290485
2066,1,No uplift product,0.21865385938555298
2067,2,"Gold, Fish, Sweets",0.49760692623786934
2068,1,"Wines, Meat, Fruits",0.5964364844170489
2069,1,"Wines, Meat, Fish",0.768516841412237
2070,2,"Wines, Meat, Gold",0.6126441149990218
2071,2,"Wines, Gold, Meat",0.494717311281815
2072,1,"Wines, Meat, Fish",0.8010488551733942
2073,0,"Wines, Meat, Gold",0.5453071333541191
2074,0,Meat,0.7017129821893504
2075,2,No uplift product,-0.050336194411194884
2076,1,"Meat, Wines, Gold",0.8609378429094928
2077,1,"Wines, Fruits, Meat",0.4136875840461418
2080,1,Wines,0.6719701180740575
2082,2,"Wines, Meat, Fish",0.5594282833296147
2083,0,"Meat, Fish, Fruits",0.762561054712474
2085,2,"Gold, Meat",0.7144678205240454
2086,0,"Wines, Sweets, Fruits",0.6896943513177615
2087,0,"Meat, Gold",0.4184987344104248
2088,1,"Wines, Meat, Fish",0.6175645401519487
2089,3,"Wines, Meat, Gold",0.5411613058874163
2090,3,"Gold, Sweets",0.42078620753700136
2091,1,"Wines, Meat, Gold",0.6035960523398352
2092,3,No uplift product,0.15271946953655735
2093,0,"Meat, Wines, Sweets",0.8010843378554364
2094,2,"Gold, Fruits, Fish",0.7033109105396609
2095,3,"Wines, Meat, Gold",0.8021621872195134
2096,0,"Wines, Meat",0.9017171385187718
2097,3,"Meat, Fruits, Sweets",0.6222360449352153
2098,2,No uplift product,0.3065116330372108
2099,2,No uplift product,0.2473311972380431
2100,3,"Wines, Meat, Gold",0.8026845654805985
2101,2,"Gold, Fruits, Sweets",0.5886515725603481
2102,1,"Wines, Meat, Fruits",0.7184575879515643
2103,2,"Gold, Fish, Sweets",0.4961390780718495
2104,1,"Wines, Meat",0.5592171148380232
2105,1,"Wines, Meat, Fish",0.6983982451564315
2106,3,No uplift product,0.390729352723337
2107,2,"Wines, Fish, Sweets",0.48935390170564125
2108,3,"Fish, Fruits, Sweets",0.4549607611957681
2109,0,"Gold, Fish, Fruits",0.8111594158290312
2110,2,"Wines, Fruits, Gold",0.5934682836136865
2111,0,"Meat, Fish, Sweets",0.5984937638911094
2112,3,"Wines, Meat, Gold",0.8451376315495516
2113,3,"Wines, Meat, Fruits",0.5045404187213213
2114,2,"Wines, Sweets, Fruits",0.522971826215064
2115,2,"Meat, Sweets, Fish",0.6039909594539475
2116,1,"Wines, Meat, Sweets",0.7342247458877577
2117,2,"Gold, Fish, Sweets",0.5897806238644561
2118,0,"Fish, Fruits, Meat",0.8533383723412984
2119,1,"Wines, Meat, Gold",0.7554991142281481
2120,1,"Gold, Fruits",0.6782690513649364
2121,3,"Wines, Meat, Gold",0.7489747898424098
2122,3,No uplift product,0.3405088326956498
2123,2,"Wines, Meat, Sweets",0.5650090153862897
2124,3,"Wines, Meat, Gold",0.8410112161388504
2125,0,"Fruits, Meat, Sweets",0.8558470915127098
2126,2,"Wines, Meat, Fruits",0.6331925756135665
2127,0,"Meat, Fruits, Gold",0.8241053852345855
2128,0,"Meat, Fish, Gold",0.5766347402125348
2129,3,"Wines, Meat, Gold",0.8523907164087832
2130,1,"Wines, Gold, Meat",0.7700100328435184
2131,0,"Gold, Fruits, Fish",0.8959509097649081
2132,1,No uplift product,-0.15253375499426197
2133,1,"Wines, Meat, Fruits",0.6946475448273739
2134,0,"Wines, Sweets",0.7851220785279445
2135,3,No uplift product,0.2336150928550763
2136,3,"Fruits, Fish",0.6260476480973372
2137,1,"Wines, Meat, Gold",0.7513999731158056
2138,3,No uplift product,0.14858407252087683
2139,3,"Wines, Fish, Sweets",0.5677247128339952
2140,1,"Wines, Meat, Gold",0.8038561219160847
2141,3,"Wines, Meat, Gold",0.8908534240752088
2142,3,"Wines, Meat, Sweets",0.6510341233925987
2143,1,"Wines, Meat, Sweets",0.413452622533342
2144,2,"Meat, Fish, Gold",0.6634406784317003
2145,0,"Meat, Fish, Sweets",0.679574001869652
2146,1,"Meat, Gold, Fish",0.77599356902861
2147,3,"Wines, Meat, Gold",0.9097451917956539
2148,3,Gold,0.71113860031338
2149,3,"Wines, Meat, Gold",0.5218434265513294
2150,3,"Wines, Gold, Meat",0.9071212166625057
2151,0,"Wines, Fruits, Sweets",0.7030040399307553
2152,1,"Wines, Meat, Gold",0.6842746836276795
2153,3,"Fruits, Fish",0.6260476480973372
2154,1,"Wines, Meat, Gold",0.793535666047367
2155,1,"Gold, Wines, Fish",0.6405426491644967
2156,3,Wines,0.633493520608825
2157,3,"Wines, Meat, Gold",0.44734043106831023
2158,2,"Meat, Gold, Sweets",0.5986588423472838
2159,3,No uplift product,0.09037487668068897
2160,2,Fruits,0.6236913388545757
2161,1,No uplift product,0.31075887494985627
2162,2,"Wines, Meat, Gold",0.5468442570708857
2163,0,"Wines, Gold",0.7869959457959395
2164,1,"Wines, Meat, Sweets",0.7760082804253446
2165,1,"Gold, Sweets, Fish",0.7330298671683269
2166,0,No uplift product,0.35347657104887614
2167,0,"Wines, Fish, Sweets",0.7288688176651252
2168,0,"Meat, Fish",0.7997265120578035
2169,3,"Wines, Meat, Fish",0.6345075675212691
2170,2,No uplift product,0.3663180027485939
2171,0,"Meat, Fish, Sweets",0.6051106008750398
2172,2,"Wines, Meat, Gold",0.595185644067362
2173,2,Fruits,0.5719299081056393
2174,2,"Meat, Fish, Gold",0.6130312630832145
2175,0,Fruits,0.8342543998863022
2176,0,No uplift product,0.8467120616198494
2177,2,"Wines, Meat, Fish",0.433837841484499
2178,2,"Wines, Meat, Sweets",0.4318087697326554
2179,3,Fish,0.4533282385341164
2180,1,"Wines, Fish, Meat",0.7750780898052881
2181,2,"Meat, Gold, Fish",0.6430802064425043
2182,1,No uplift product,0.22996112110128616
2183,1,"Wines, Meat",0.6689548783591737
2184,3,"Wines, Meat, Gold",0.444725847835637
2185,2,"Sweets, Gold",0.8166904914997863
2186,2,"Sweets, Gold, Meat",0.5472841677399203
2187,0,"Gold, Fish, Sweets",0.8331106398641979
2188,0,"Wines, Sweets",0.7817544550805987
2189,1,"Wines, Meat, Gold",0.5752858421619499
2190,0,"Gold, Fruits",0.8721934647899879
2191,3,"Wines, Meat, Fish",0.678460935749527
2192,1,No uplift product,0.34845563264827556
2193,0,"Wines, Gold, Fruits",0.7988872431459029
2194,2,Sweets,0.7359331982689482
2195,3,"Wines, Meat, Gold",0.7091764546342385
2196,1,"Sweets, Gold, Fish",0.4352578073246426
2197,2,No uplift product,0.37278838755539867
2198,2,"Wines, Meat, Sweets",0.42089635300147005
2199,3,"Wines, Meat, Gold",0.8183958955755417
2200,1,"Wines, Meat",0.7666264531310679
2201,2,"Wines, Gold, Sweets",0.5870919188394428
2202,2,"Wines, Meat, Fish",0.433837841484499
2203,2,"Wines, Meat, Gold",0.5605091137846085
2204,1,"Meat, Fruits, Wines",0.6044478427242783
2205,3,"Meat, Fish, Fruits",0.5516375531684762
2206,2,"Wines, Gold",0.6115241676429536
2207,3,"Wines, Meat, Gold",0.865833592773849
2208,1,"Wines, Meat, Fruits",0.402810921236747
2209,3,"Wines, Meat, Fish",0.7160307439058887
2210,2,"Wines, Meat, Gold",0.4825509370018778
2211,0,"Wines, Sweets, Gold",0.8130465185004625
2212,3,"Wines, Gold, Meat",0.741304768977287
2213,0,"Gold, Fish, Wines",0.7284684732694245
2214,1,"Wines, Meat, Gold",0.5869865470080702
2215,3,"Wines, Meat, Gold",0.7835697752387237
2216,1,"Wines, Gold, Fish",0.808265233840559
2217,0,"Wines, Meat, Gold",0.8259880783355679
2218,1,"Wines, Meat, Gold",0.8601749705366674
2219,1,Fruits,0.40787433993003275
2220,2,No uplift product,0.3423963826228476
2221,0,"Sweets, Fruits, Fish",0.8527076700020257
2222,1,"Wines, Meat, Fish",0.6595141498726177
2223,3,"Wines, Meat, Gold",0.8995016359658483
2224,2,"Meat, Gold, Fish",0.4466659271970391
2225,2,"Wines, Meat, Sweets",0.5983456611424116
2226,2,"Meat, Wines, Fish",0.5768906631715195
2227,2,"Wines, Meat, Fish",0.5312467637049809
2229,3,"Wines, Meat, Sweets",0.630627414646147
2230,1,"Wines, Sweets, Fruits",0.7708278163778747
2231,0,"Meat, Fish, Sweets",0.5512459507417914
2232,1,"Wines, Meat, Gold",0.5320551289244569
2234,1,"Wines, Meat, Gold",0.7704922364050976
2235,2,Fish,0.6298788574397534
2236,3,"Gold, Fish, Fruits",0.6638473616292792
2237,0,"Meat, Fish, Sweets",0.6359445229430205
2238,2,"Wines, Gold, Sweets",0.554277139323123
2239,3,"Wines, Fish, Sweets",0.7831637729315095
